<?xml version = '1.0' encoding = 'UTF-8'?>
<Diagram class="oracle.dbtools.crest.swingui.logical.DPVLogical" name="Logical" id="20F6A081-EA58-A53C-EF48-FA414B0169FE">
<createdBy>jailanihar</createdBy>
<modifiedBy>jailanihar</modifiedBy>
<createdTime>2025-08-23 00:16:38 UTC</createdTime>
<autoRoute>false</autoRoute>
<boxInbox>true</boxInbox>
<showLegend>false</showLegend>
<showLabels>false</showLabels>
<showRelAttributes>false</showRelAttributes>
<gridEnabled>false</gridEnabled>
<showGrid>false</showGrid>
<diagramColor>-1</diagramColor>
<display>false</display>
<notation>1</notation>
<objectViews>
<OView class="oracle.dbtools.crest.swingui.logical.TVEntity" oid="4B8E61CC-D7E7-70F1-55CB-FBC27A425DB8" otype="Entity" vid="BEE6DA50-477B-66ED-A990-1E7D143ED0A8">
<hideElementsInCurrentOnly>false</hideElementsInCurrentOnly>
<bounds x="359" y="92" width="170" height="110"/>
</OView>
<OView class="oracle.dbtools.crest.swingui.logical.TVEntity" oid="6C90E105-2822-EECF-3A3A-BF31A86BC19F" otype="Entity" vid="C309CCE6-88B3-62E8-379D-B8C7F73194C9">
<hideElementsInCurrentOnly>false</hideElementsInCurrentOnly>
<bounds x="89" y="280" width="170" height="110"/>
</OView>
<OView class="oracle.dbtools.crest.swingui.logical.TVEntity" oid="D0FB4ABB-AC17-D801-0102-34E08F85903C" otype="Entity" vid="E6E9CFE3-41F9-E398-2244-DC8B00E8CF6E">
<hideElementsInCurrentOnly>false</hideElementsInCurrentOnly>
<bounds x="91" y="47" width="170" height="110"/>
</OView>
</objectViews>
<connectors>
<Connector class="oracle.dbtools.crest.swingui.logical.TVRelation" oid="E563ED42-EBD5-7CA6-9631-8588185AD887" otype="Relation" vid_source="E6E9CFE3-41F9-E398-2244-DC8B00E8CF6E" vid_target="BEE6DA50-477B-66ED-A990-1E7D143ED0A8">
<hideElementsInCurrentOnly>false</hideElementsInCurrentOnly>
<backgroundColor>-16777216</backgroundColor>
<lineWidth>1</lineWidth>
<points>
<point x="261" y="124"/>
<point x="359" y="124"/>
</points>
</Connector>
<Connector class="oracle.dbtools.crest.swingui.logical.TVRelation" oid="EE6CECB8-EADB-FE5F-F125-984A7677F51D" otype="Relation" vid_source="E6E9CFE3-41F9-E398-2244-DC8B00E8CF6E" vid_target="C309CCE6-88B3-62E8-379D-B8C7F73194C9">
<hideElementsInCurrentOnly>false</hideElementsInCurrentOnly>
<backgroundColor>-16777216</backgroundColor>
<lineWidth>1</lineWidth>
<points>
<point x="175" y="157"/>
<point x="175" y="280"/>
</points>
</Connector>
</connectors>
</Diagram>