<?xml version = '1.0' encoding = 'UTF-8'?>
<Diagram class="oracle.dbtools.crest.swingui.logical.DPVLogical" name="Logical" id="E46571CC-DA6E-8582-3EF0-7E8C6BB69A07">
<createdBy>jailanihar</createdBy>
<modifiedBy>jailanihar</modifiedBy>
<createdTime>2025-08-20 00:12:48 UTC</createdTime>
<autoRoute>false</autoRoute>
<boxInbox>true</boxInbox>
<showLegend>false</showLegend>
<showLabels>false</showLabels>
<showRelAttributes>false</showRelAttributes>
<gridEnabled>false</gridEnabled>
<showGrid>false</showGrid>
<diagramColor>-1</diagramColor>
<display>false</display>
<notation>1</notation>
<objectViews>
<OView class="oracle.dbtools.crest.swingui.logical.TVEntity" oid="01F25709-AC35-0885-9F38-C9DB49504B45" otype="Entity" vid="B747F890-25F7-32E9-6CE4-AD8988BA02FC">
<hideElementsInCurrentOnly>false</hideElementsInCurrentOnly>
<bounds x="34" y="55" width="107" height="88"/>
</OView>
<OView class="oracle.dbtools.crest.swingui.logical.TVEntity" oid="05809F46-8CDA-BDC4-C3CE-C0A471DF11B8" otype="Entity" vid="48AF4B72-E6A8-96CF-FE32-1492781BC46B">
<hideElementsInCurrentOnly>false</hideElementsInCurrentOnly>
<bounds x="122" y="183" width="117" height="75"/>
</OView>
<OView class="oracle.dbtools.crest.swingui.logical.TVEntity" oid="790D9250-2005-BC5D-F0B7-712749F65B37" otype="Entity" vid="C35829B5-5A1E-3AC6-1103-ED337DF013DD">
<hideElementsInCurrentOnly>false</hideElementsInCurrentOnly>
<bounds x="226" y="57" width="92" height="71"/>
</OView>
</objectViews>
<connectors>
<Connector class="oracle.dbtools.crest.swingui.logical.TVRelation" oid="0B4B51A4-22A9-7298-89A5-0D2B3B566C0C" otype="Relation" vid_source="B747F890-25F7-32E9-6CE4-AD8988BA02FC" vid_target="48AF4B72-E6A8-96CF-FE32-1492781BC46B">
<hideElementsInCurrentOnly>false</hideElementsInCurrentOnly>
<backgroundColor>-16777216</backgroundColor>
<lineWidth>1</lineWidth>
<points>
<point x="131" y="143"/>
<point x="131" y="183"/>
</points>
</Connector>
<Connector class="oracle.dbtools.crest.swingui.logical.TVRelation" oid="5E2C0B73-F1A2-136A-493A-278E290A155B" otype="Relation" vid_source="B747F890-25F7-32E9-6CE4-AD8988BA02FC" vid_target="C35829B5-5A1E-3AC6-1103-ED337DF013DD">
<hideElementsInCurrentOnly>false</hideElementsInCurrentOnly>
<backgroundColor>-16777216</backgroundColor>
<lineWidth>1</lineWidth>
<points>
<point x="141" y="92"/>
<point x="226" y="92"/>
</points>
</Connector>
</connectors>
</Diagram>
