<?xml version = '1.0' encoding = 'UTF-8'?>
<FKIndexAssociation class="oracle.dbtools.crest.model.design.relational.FKIndexAssociation" directorySegmentName="seg_0" id="80370A2E-87BF-64A6-A100-B7CE6E37FBE1" containerWithKeyObject="AA05EEE4-B5B7-3E71-3B94-3FD1B58E4045" localFKIndex="D0E9E2F6-19D0-DE5C-7F9E-9EB435CF413D" name="Student_User_FK">
<createdBy>jailanihar</createdBy>
<createdTime>2025-08-20 00:34:13 UTC</createdTime>
<generatorID>5E2C0B73-F1A2-136A-493A-278E290A155B</generatorID>
<ownerDesignName>week06</ownerDesignName>
<referredTableLongName>User</referredTableLongName>
<deleteRule>NO ACTION</deleteRule>
<referredTableID>1EE2C62F-21D7-E968-C68B-02E53463AA8D</referredTableID>
<keyObject>7CB09963-5631-DCA0-2CBC-84D6F51123D0</keyObject>
<referredKeyID>7CB09963-5631-DCA0-2CBC-84D6F51123D0</referredKeyID>
<mandatory>true</mandatory>
<refColNames>username</refColNames>
<transferable>true</transferable>
<rely>false</rely>
<columnDependencyConstraintGenerateInDDL>true</columnDependencyConstraintGenerateInDDL>
</FKIndexAssociation>
