<?xml version = '1.0' encoding = 'UTF-8'?>
<FKIndexAssociation class="oracle.dbtools.crest.model.design.relational.FKIndexAssociation" directorySegmentName="seg_0" id="C2C349D7-4299-CE3D-5F5C-5B7C96564F23" containerWithKeyObject="26D4828E-89A5-F734-0C76-CC6E61B4D6F2" localFKIndex="2C1BBB6E-F09F-8856-72E3-EF9226539A31" name="Lecturer_User_FK">
<createdBy>jailanihar</createdBy>
<createdTime>2025-08-20 00:34:13 UTC</createdTime>
<generatorID>0B4B51A4-22A9-7298-89A5-0D2B3B566C0C</generatorID>
<ownerDesignName>week06</ownerDesignName>
<referredTableLongName>User</referredTableLongName>
<deleteRule>NO ACTION</deleteRule>
<referredTableID>1EE2C62F-21D7-E968-C68B-02E53463AA8D</referredTableID>
<keyObject>7CB09963-5631-DCA0-2CBC-84D6F51123D0</keyObject>
<referredKeyID>7CB09963-5631-DCA0-2CBC-84D6F51123D0</referredKeyID>
<mandatory>true</mandatory>
<refColNames>username</refColNames>
<transferable>true</transferable>
<rely>false</rely>
<columnDependencyConstraintGenerateInDDL>true</columnDependencyConstraintGenerateInDDL>
</FKIndexAssociation>
