<?xml version = '1.0' encoding = 'UTF-8'?>
<Entity class="oracle.dbtools.crest.model.design.logical.Entity" directorySegmentName="seg_0" id="434AF7AE-7CF9-0A6F-B682-0ED8737CAA1C" name="group module rel">
<createdBy>jailanihar</createdBy>
<createdTime>2025-08-16 01:06:34 UTC</createdTime>
<generatorID>AFBA2722-6300-4E3E-6DEF-F84DABBE8C1D</generatorID>
<ownerDesignName>week05</ownerDesignName>
<engineerTo>
<item key="51139317-D63D-19BE-A19E-983C54094FD1" value="true"/>
</engineerTo>
<adequatelyNormalized>NO</adequatelyNormalized>
<expectedVolumes>0</expectedVolumes>
<fwdEngineeringStrategyName>Single Table</fwdEngineeringStrategyName>
<growthPercent>0</growthPercent>
<growthType>Year</growthType>
<maxVolumes>9999999</maxVolumes>
<minVolumes>0</minVolumes>
<normalForm>Third</normalForm>
<attributes itemClass="oracle.dbtools.crest.model.design.logical.Attribute">
<Attribute name="Group code" id="0AF5C16E-9B01-167F-4B62-701EE6A2DA00">
<createdBy>jailanihar</createdBy>
<createdTime>2025-08-16 01:06:34 UTC</createdTime>
<generatorID>229A6288-5676-BFE1-0E12-1B76EEFBEDCE</generatorID>
<ownerDesignName>week05</ownerDesignName>
<engineerTo>
<item key="51139317-D63D-19BE-A19E-983C54094FD1" value="true"/>
</engineerTo>
<referedAttribute>E9F4CA7B-C73D-8A8A-F9F8-BC0BB1F6C51D</referedAttribute>
<useDomainConstraints>false</useDomainConstraints>
<use>1</use>
<logicalDatatype>LOGDT024</logicalDatatype>
<dataTypeSize>10</dataTypeSize>
<ownDataTypeParameters>,,</ownDataTypeParameters>
</Attribute>
<Attribute name="Module code" id="69FD88C2-62EA-50B2-6D75-07218B0EF1F5">
<createdBy>jailanihar</createdBy>
<createdTime>2025-08-16 01:06:34 UTC</createdTime>
<generatorID>E4D96A68-7DB2-B013-40FF-8A85F554A6C8</generatorID>
<ownerDesignName>week05</ownerDesignName>
<engineerTo>
<item key="51139317-D63D-19BE-A19E-983C54094FD1" value="true"/>
</engineerTo>
<referedAttribute>CFA46954-4DF7-B89E-F98F-9B02B310BD28</referedAttribute>
<useDomainConstraints>false</useDomainConstraints>
<use>1</use>
<logicalDatatype>LOGDT025</logicalDatatype>
<dataTypeSize>6</dataTypeSize>
<ownDataTypeParameters>,,</ownDataTypeParameters>
</Attribute>
<Attribute name="sem no" id="46902027-C84E-2175-F8DC-2D40EFFE4F85">
<createdBy>jailanihar</createdBy>
<createdTime>2025-08-16 01:06:34 UTC</createdTime>
<generatorID>5442B4C3-AB01-707E-A356-3FDC02B22E07</generatorID>
<ownerDesignName>week05</ownerDesignName>
<engineerTo>
<item key="51139317-D63D-19BE-A19E-983C54094FD1" value="true"/>
</engineerTo>
<useDomainConstraints>false</useDomainConstraints>
<use>1</use>
<logicalDatatype>LOGDT011</logicalDatatype>
<ownDataTypeParameters>,,</ownDataTypeParameters>
</Attribute>
<Attribute name="Lecturer id" id="10206E90-7A9F-424F-66D9-6742DEBBED0D">
<createdBy>jailanihar</createdBy>
<createdTime>2025-08-16 01:06:34 UTC</createdTime>
<generatorID>27245BC5-B413-E0BF-32A3-89BDAF95B754</generatorID>
<ownerDesignName>week05</ownerDesignName>
<engineerTo>
<item key="51139317-D63D-19BE-A19E-983C54094FD1" value="true"/>
</engineerTo>
<referedAttribute>83657E59-E9A5-303B-8DF9-AA5E31271F65</referedAttribute>
<useDomainConstraints>false</useDomainConstraints>
<use>1</use>
<logicalDatatype>LOGDT011</logicalDatatype>
<ownDataTypeParameters>,,</ownDataTypeParameters>
</Attribute>
</attributes>
<identifiers itemClass="oracle.dbtools.crest.model.design.logical.CandidateKey">
<identifier id="B24B59D9-614B-33BF-7A42-BD9A1F075198" name="group module rel PK">
<createdBy>jailanihar</createdBy>
<createdTime>2025-08-16 01:06:34 UTC</createdTime>
<generatorID>4A04082E-C3F4-9989-1B18-BDF25ED9AFEC</generatorID>
<ownerDesignName>week05</ownerDesignName>
<engineerTo>
<item key="51139317-D63D-19BE-A19E-983C54094FD1" value="true"/>
</engineerTo>
<pk>true</pk>
<usedAttributes>
<attributeRef>0AF5C16E-9B01-167F-4B62-701EE6A2DA00</attributeRef>
<attributeRef>69FD88C2-62EA-50B2-6D75-07218B0EF1F5</attributeRef>
</usedAttributes>
</identifier>
</identifiers>
</Entity>
