<?xml version = '1.0' encoding = 'UTF-8'?>
<Entity class="oracle.dbtools.crest.model.design.logical.Entity" directorySegmentName="seg_0" id="53659349-A239-022D-0B37-719FE10B5D40" name="Lecturer">
<createdBy>jailanihar</createdBy>
<createdTime>2025-08-16 01:06:34 UTC</createdTime>
<generatorID>076EF655-B40E-A34E-C424-B32BE0D4431B</generatorID>
<ownerDesignName>week05</ownerDesignName>
<engineerTo>
<item key="51139317-D63D-19BE-A19E-983C54094FD1" value="true"/>
</engineerTo>
<adequatelyNormalized>NO</adequatelyNormalized>
<expectedVolumes>0</expectedVolumes>
<fwdEngineeringStrategyName>Single Table</fwdEngineeringStrategyName>
<growthPercent>0</growthPercent>
<growthType>Year</growthType>
<maxVolumes>9999999</maxVolumes>
<minVolumes>0</minVolumes>
<normalForm>Third</normalForm>
<attributes itemClass="oracle.dbtools.crest.model.design.logical.Attribute">
<Attribute name="id" id="83657E59-E9A5-303B-8DF9-AA5E31271F65">
<createdBy>jailanihar</createdBy>
<createdTime>2025-08-16 01:06:34 UTC</createdTime>
<generatorID>C99BBA09-8CFE-7B8E-CE8E-C1B3DF156701</generatorID>
<ownerDesignName>week05</ownerDesignName>
<engineerTo>
<item key="51139317-D63D-19BE-A19E-983C54094FD1" value="true"/>
</engineerTo>
<useDomainConstraints>false</useDomainConstraints>
<use>1</use>
<logicalDatatype>LOGDT011</logicalDatatype>
<ownDataTypeParameters>,,</ownDataTypeParameters>
</Attribute>
<Attribute name="name" id="D8A529B4-5A85-6C86-1125-03D7C94BA18A">
<createdBy>jailanihar</createdBy>
<createdTime>2025-08-16 01:06:34 UTC</createdTime>
<generatorID>E00AD1F7-13DA-3A43-E890-D6B47DA261A4</generatorID>
<ownerDesignName>week05</ownerDesignName>
<engineerTo>
<item key="51139317-D63D-19BE-A19E-983C54094FD1" value="true"/>
</engineerTo>
<useDomainConstraints>false</useDomainConstraints>
<use>1</use>
<logicalDatatype>LOGDT024</logicalDatatype>
<dataTypeSize>255</dataTypeSize>
<ownDataTypeParameters>255,,</ownDataTypeParameters>
</Attribute>
<Attribute name="school" id="A21C2094-786F-4478-80BF-AE16354A0FE0">
<createdBy>jailanihar</createdBy>
<createdTime>2025-08-16 01:06:34 UTC</createdTime>
<generatorID>978DF8ED-640B-6201-7D38-E3FE1B87F4DA</generatorID>
<ownerDesignName>week05</ownerDesignName>
<engineerTo>
<item key="51139317-D63D-19BE-A19E-983C54094FD1" value="true"/>
</engineerTo>
<useDomainConstraints>false</useDomainConstraints>
<use>1</use>
<logicalDatatype>LOGDT024</logicalDatatype>
<dataTypeSize>255</dataTypeSize>
<ownDataTypeParameters>255,,</ownDataTypeParameters>
</Attribute>
<Attribute name="manager id" id="F24BD718-E8A1-AE2F-04A9-2B10BD6D5C03">
<createdBy>jailanihar</createdBy>
<createdTime>2025-08-16 01:06:34 UTC</createdTime>
<generatorID>26FEC1FE-14C4-6DA1-B807-88352B32AC10</generatorID>
<ownerDesignName>week05</ownerDesignName>
<engineerTo>
<item key="51139317-D63D-19BE-A19E-983C54094FD1" value="true"/>
</engineerTo>
<nullsAllowed>true</nullsAllowed>
<referedAttribute>83657E59-E9A5-303B-8DF9-AA5E31271F65</referedAttribute>
<useDomainConstraints>false</useDomainConstraints>
<use>1</use>
<logicalDatatype>LOGDT011</logicalDatatype>
<ownDataTypeParameters>,,</ownDataTypeParameters>
</Attribute>
</attributes>
<identifiers itemClass="oracle.dbtools.crest.model.design.logical.CandidateKey">
<identifier id="D239BEEC-4C26-50CB-F038-A86F31009E5C" name="Lecturer PK">
<createdBy>jailanihar</createdBy>
<createdTime>2025-08-16 01:06:34 UTC</createdTime>
<generatorID>38EA5574-7341-59F2-28A3-6E926C82497D</generatorID>
<ownerDesignName>week05</ownerDesignName>
<engineerTo>
<item key="51139317-D63D-19BE-A19E-983C54094FD1" value="true"/>
</engineerTo>
<pk>true</pk>
<usedAttributes>
<attributeRef>83657E59-E9A5-303B-8DF9-AA5E31271F65</attributeRef>
</usedAttributes>
</identifier>
</identifiers>
</Entity>
