<?xml version = '1.0' encoding = 'UTF-8'?>
<Entity class="oracle.dbtools.crest.model.design.logical.Entity" directorySegmentName="seg_0" id="7FA2D9E5-8433-B7A7-35A2-E69766832C16" name="Next_Of_Kin">
<createdBy>jailanihar</createdBy>
<createdTime>2025-08-13 01:24:53 UTC</createdTime>
<ownerDesignName>week05</ownerDesignName>
<engineerTo>
<item key="51139317-D63D-19BE-A19E-983C54094FD1" value="true"/>
</engineerTo>
<adequatelyNormalized>NO</adequatelyNormalized>
<expectedVolumes>0</expectedVolumes>
<fwdEngineeringStrategyName>Single Table</fwdEngineeringStrategyName>
<growthPercent>0</growthPercent>
<growthType>Year</growthType>
<maxVolumes>9999999</maxVolumes>
<minVolumes>0</minVolumes>
<normalForm>Third</normalForm>
<attributes itemClass="oracle.dbtools.crest.model.design.logical.Attribute">
<Attribute name="id" id="FEA5D1FE-4BEF-DBD3-8393-17CF6E46376A">
<createdBy>jailanihar</createdBy>
<createdTime>2025-08-13 01:26:21 UTC</createdTime>
<ownerDesignName>week05</ownerDesignName>
<engineerTo>
<item key="51139317-D63D-19BE-A19E-983C54094FD1" value="true"/>
</engineerTo>
<useDomainConstraints>false</useDomainConstraints>
<use>1</use>
<logicalDatatype>LOGDT011</logicalDatatype>
<ownDataTypeParameters>,,</ownDataTypeParameters>
</Attribute>
<Attribute name="name" id="CFD03E1C-B036-200C-CB09-B51ED2B40567">
<createdBy>jailanihar</createdBy>
<createdTime>2025-08-13 01:27:55 UTC</createdTime>
<ownerDesignName>week05</ownerDesignName>
<engineerTo>
<item key="51139317-D63D-19BE-A19E-983C54094FD1" value="true"/>
</engineerTo>
<useDomainConstraints>false</useDomainConstraints>
<use>1</use>
<logicalDatatype>LOGDT024</logicalDatatype>
<dataTypeSize>255</dataTypeSize>
<ownDataTypeParameters>255,,</ownDataTypeParameters>
</Attribute>
<Attribute name="relation" id="616C85DE-ACE7-9EAE-5162-8F75D9F97FF1">
<createdBy>jailanihar</createdBy>
<createdTime>2025-08-13 01:28:18 UTC</createdTime>
<ownerDesignName>week05</ownerDesignName>
<engineerTo>
<item key="51139317-D63D-19BE-A19E-983C54094FD1" value="true"/>
</engineerTo>
<useDomainConstraints>false</useDomainConstraints>
<use>1</use>
<logicalDatatype>LOGDT024</logicalDatatype>
<dataTypeSize>255</dataTypeSize>
<ownDataTypeParameters>255,,</ownDataTypeParameters>
</Attribute>
<Attribute name="phone_number" id="32330F30-9B21-150B-DB1A-1622E2F6EA86">
<createdBy>jailanihar</createdBy>
<createdTime>2025-08-13 01:28:42 UTC</createdTime>
<ownerDesignName>week05</ownerDesignName>
<engineerTo>
<item key="51139317-D63D-19BE-A19E-983C54094FD1" value="true"/>
</engineerTo>
<useDomainConstraints>false</useDomainConstraints>
<use>1</use>
<logicalDatatype>LOGDT024</logicalDatatype>
<dataTypeSize>255</dataTypeSize>
<ownDataTypeParameters>255,,</ownDataTypeParameters>
</Attribute>
<Attribute name="id1" id="1D52159D-D81F-3A3E-6DB2-AF716ED34D0B">
<createdBy>jailanihar</createdBy>
<createdTime>2025-08-13 01:34:13 UTC</createdTime>
<generatorID>7FF21313-7C17-1E63-8FE1-05FD1E1A5820</generatorID>
<ownerDesignName>week05</ownerDesignName>
<engineerTo>
<item key="51139317-D63D-19BE-A19E-983C54094FD1" value="true"/>
</engineerTo>
<referedAttribute>484C183F-BD43-7651-C26A-5C0203E5F6BD</referedAttribute>
<useDomainConstraints>false</useDomainConstraints>
<use>1</use>
<logicalDatatype>LOGDT025</logicalDatatype>
<dataTypeSize>9</dataTypeSize>
<ownDataTypeParameters>,,</ownDataTypeParameters>
</Attribute>
</attributes>
<identifiers itemClass="oracle.dbtools.crest.model.design.logical.CandidateKey">
<identifier id="64D3CCD6-85F1-A021-884C-F7AA2F34B74B" name="Next_Of_Kin PK">
<createdBy>jailanihar</createdBy>
<createdTime>2025-08-13 01:26:45 UTC</createdTime>
<ownerDesignName>week05</ownerDesignName>
<engineerTo>
<item key="51139317-D63D-19BE-A19E-983C54094FD1" value="true"/>
</engineerTo>
<pk>true</pk>
<usedAttributes>
<attributeRef>FEA5D1FE-4BEF-DBD3-8393-17CF6E46376A</attributeRef>
</usedAttributes>
</identifier>
</identifiers>
</Entity>
