<?xml version = '1.0' encoding = 'UTF-8'?>
<Entity class="oracle.dbtools.crest.model.design.logical.Entity" directorySegmentName="seg_0" id="D8F3D5F5-2BA8-34E4-B730-18D89C661E31" name="Next Of Kin">
<createdBy>jailanihar</createdBy>
<createdTime>2025-08-16 01:06:34 UTC</createdTime>
<generatorID>6625180D-DF6A-7670-E4BC-1D073E32E4F2</generatorID>
<ownerDesignName>week05</ownerDesignName>
<engineerTo>
<item key="51139317-D63D-19BE-A19E-983C54094FD1" value="true"/>
</engineerTo>
<adequatelyNormalized>NO</adequatelyNormalized>
<expectedVolumes>0</expectedVolumes>
<fwdEngineeringStrategyName>Single Table</fwdEngineeringStrategyName>
<growthPercent>0</growthPercent>
<growthType>Year</growthType>
<maxVolumes>9999999</maxVolumes>
<minVolumes>0</minVolumes>
<normalForm>Third</normalForm>
<attributes itemClass="oracle.dbtools.crest.model.design.logical.Attribute">
<Attribute name="id" id="F10CF59B-5946-6BBC-4865-0800AB76F224">
<createdBy>jailanihar</createdBy>
<createdTime>2025-08-16 01:06:34 UTC</createdTime>
<generatorID>32D924F0-FA39-FF7E-967B-B2FB3A8AC36D</generatorID>
<ownerDesignName>week05</ownerDesignName>
<engineerTo>
<item key="51139317-D63D-19BE-A19E-983C54094FD1" value="true"/>
</engineerTo>
<useDomainConstraints>false</useDomainConstraints>
<use>1</use>
<logicalDatatype>LOGDT011</logicalDatatype>
<ownDataTypeParameters>,,</ownDataTypeParameters>
</Attribute>
<Attribute name="name" id="BEA8961B-61E0-48D0-7105-C379225ABC65">
<createdBy>jailanihar</createdBy>
<createdTime>2025-08-16 01:06:34 UTC</createdTime>
<generatorID>0B3B1164-763D-0CB4-8895-6021BE7A3822</generatorID>
<ownerDesignName>week05</ownerDesignName>
<engineerTo>
<item key="51139317-D63D-19BE-A19E-983C54094FD1" value="true"/>
</engineerTo>
<useDomainConstraints>false</useDomainConstraints>
<use>1</use>
<logicalDatatype>LOGDT024</logicalDatatype>
<dataTypeSize>255</dataTypeSize>
<ownDataTypeParameters>255,,</ownDataTypeParameters>
</Attribute>
<Attribute name="relation" id="E85CB179-87E0-A280-37D7-9004F87CC1AD">
<createdBy>jailanihar</createdBy>
<createdTime>2025-08-16 01:06:34 UTC</createdTime>
<generatorID>F4EF159B-1E17-7469-27C2-CC7FB3253F40</generatorID>
<ownerDesignName>week05</ownerDesignName>
<engineerTo>
<item key="51139317-D63D-19BE-A19E-983C54094FD1" value="true"/>
</engineerTo>
<useDomainConstraints>false</useDomainConstraints>
<use>1</use>
<logicalDatatype>LOGDT024</logicalDatatype>
<dataTypeSize>255</dataTypeSize>
<ownDataTypeParameters>255,,</ownDataTypeParameters>
</Attribute>
<Attribute name="phone number" id="1D343320-ACC9-43BF-45BA-B4F645465E95">
<createdBy>jailanihar</createdBy>
<createdTime>2025-08-16 01:06:34 UTC</createdTime>
<generatorID>7B5D986D-49A6-9335-D8FA-0B797741284D</generatorID>
<ownerDesignName>week05</ownerDesignName>
<engineerTo>
<item key="51139317-D63D-19BE-A19E-983C54094FD1" value="true"/>
</engineerTo>
<useDomainConstraints>false</useDomainConstraints>
<use>1</use>
<logicalDatatype>LOGDT024</logicalDatatype>
<dataTypeSize>255</dataTypeSize>
<ownDataTypeParameters>255,,</ownDataTypeParameters>
</Attribute>
<Attribute name="Student id" id="C6D86453-BB86-0D58-26A5-807B366AEA6C">
<createdBy>jailanihar</createdBy>
<createdTime>2025-08-16 01:06:34 UTC</createdTime>
<generatorID>97BA0EDE-87B2-465E-C71C-035C818A1597</generatorID>
<ownerDesignName>week05</ownerDesignName>
<engineerTo>
<item key="51139317-D63D-19BE-A19E-983C54094FD1" value="true"/>
</engineerTo>
<referedAttribute>797248B9-FAE8-56D6-06A0-464A16CAD462</referedAttribute>
<useDomainConstraints>false</useDomainConstraints>
<use>1</use>
<logicalDatatype>LOGDT025</logicalDatatype>
<dataTypeSize>9</dataTypeSize>
<ownDataTypeParameters>,,</ownDataTypeParameters>
</Attribute>
</attributes>
<identifiers itemClass="oracle.dbtools.crest.model.design.logical.CandidateKey">
<identifier id="3D5E736D-557A-BD44-5714-A8F09E363FDE" name="Next Of Kin PK">
<createdBy>jailanihar</createdBy>
<createdTime>2025-08-16 01:06:34 UTC</createdTime>
<generatorID>3BF70650-BE2D-2796-AF4B-50ABC6CB2A78</generatorID>
<ownerDesignName>week05</ownerDesignName>
<engineerTo>
<item key="51139317-D63D-19BE-A19E-983C54094FD1" value="true"/>
</engineerTo>
<pk>true</pk>
<usedAttributes>
<attributeRef>F10CF59B-5946-6BBC-4865-0800AB76F224</attributeRef>
</usedAttributes>
</identifier>
</identifiers>
</Entity>
