<?xml version = '1.0' encoding = 'UTF-8'?>
<Entity class="oracle.dbtools.crest.model.design.logical.Entity" directorySegmentName="seg_0" id="EF560D73-E4C8-90D1-49BF-1ECC2CDE862A" name="Student">
<createdBy>jailanihar</createdBy>
<createdTime>2025-08-02 00:07:26 UTC</createdTime>
<ownerDesignName>week05</ownerDesignName>
<engineerTo>
<item key="51139317-D63D-19BE-A19E-983C54094FD1" value="true"/>
</engineerTo>
<adequatelyNormalized>NO</adequatelyNormalized>
<expectedVolumes>0</expectedVolumes>
<fwdEngineeringStrategyName>Single Table</fwdEngineeringStrategyName>
<growthPercent>0</growthPercent>
<growthType>Year</growthType>
<maxVolumes>9999999</maxVolumes>
<minVolumes>0</minVolumes>
<normalForm>Third</normalForm>
<attributes itemClass="oracle.dbtools.crest.model.design.logical.Attribute">
<Attribute name="id" id="484C183F-BD43-7651-C26A-5C0203E5F6BD">
<createdBy>jailanihar</createdBy>
<createdTime>2025-08-02 00:07:32 UTC</createdTime>
<ownerDesignName>week05</ownerDesignName>
<engineerTo>
<item key="51139317-D63D-19BE-A19E-983C54094FD1" value="true"/>
</engineerTo>
<useDomainConstraints>false</useDomainConstraints>
<use>1</use>
<logicalDatatype>LOGDT025</logicalDatatype>
<dataTypeSize>9</dataTypeSize>
<ownDataTypeParameters>9,,</ownDataTypeParameters>
</Attribute>
<Attribute name="name" id="5200AB4F-C212-3B28-904E-45B51319FCA6">
<createdBy>jailanihar</createdBy>
<createdTime>2025-08-02 00:08:01 UTC</createdTime>
<ownerDesignName>week05</ownerDesignName>
<engineerTo>
<item key="51139317-D63D-19BE-A19E-983C54094FD1" value="true"/>
</engineerTo>
<useDomainConstraints>false</useDomainConstraints>
<use>1</use>
<logicalDatatype>LOGDT024</logicalDatatype>
<dataTypeSize>255</dataTypeSize>
<ownDataTypeParameters>255,,</ownDataTypeParameters>
</Attribute>
<Attribute name="ic_number" id="29D3924A-7868-A0A9-D51B-952718BE056A">
<createdBy>jailanihar</createdBy>
<createdTime>2025-08-02 00:08:31 UTC</createdTime>
<ownerDesignName>week05</ownerDesignName>
<engineerTo>
<item key="51139317-D63D-19BE-A19E-983C54094FD1" value="true"/>
</engineerTo>
<useDomainConstraints>false</useDomainConstraints>
<use>1</use>
<logicalDatatype>LOGDT025</logicalDatatype>
<dataTypeSize>9</dataTypeSize>
<ownDataTypeParameters>9,,</ownDataTypeParameters>
</Attribute>
<Attribute name="address" id="4489295C-1B69-BC70-7150-F6E66016A57A">
<createdBy>jailanihar</createdBy>
<createdTime>2025-08-02 00:08:51 UTC</createdTime>
<ownerDesignName>week05</ownerDesignName>
<engineerTo>
<item key="51139317-D63D-19BE-A19E-983C54094FD1" value="true"/>
</engineerTo>
<useDomainConstraints>false</useDomainConstraints>
<use>1</use>
<logicalDatatype>LOGDT040</logicalDatatype>
<ownDataTypeParameters>,,</ownDataTypeParameters>
</Attribute>
<Attribute name="phone_number1" id="B55D23C5-1B70-2E75-5B70-4C777A281FBD">
<createdBy>jailanihar</createdBy>
<createdTime>2025-08-02 00:09:08 UTC</createdTime>
<ownerDesignName>week05</ownerDesignName>
<engineerTo>
<item key="51139317-D63D-19BE-A19E-983C54094FD1" value="true"/>
</engineerTo>
<useDomainConstraints>false</useDomainConstraints>
<use>1</use>
<logicalDatatype>LOGDT024</logicalDatatype>
<dataTypeSize>50</dataTypeSize>
<ownDataTypeParameters>50,,</ownDataTypeParameters>
</Attribute>
<Attribute name="phone_number2" id="A0B9D451-21FF-6778-3F19-CCE7FE80F802">
<createdBy>jailanihar</createdBy>
<createdTime>2025-08-02 00:09:38 UTC</createdTime>
<ownerDesignName>week05</ownerDesignName>
<engineerTo>
<item key="51139317-D63D-19BE-A19E-983C54094FD1" value="true"/>
</engineerTo>
<nullsAllowed>true</nullsAllowed>
<useDomainConstraints>false</useDomainConstraints>
<use>1</use>
<logicalDatatype>LOGDT024</logicalDatatype>
<dataTypeSize>50</dataTypeSize>
<ownDataTypeParameters>50,,</ownDataTypeParameters>
</Attribute>
<Attribute name="code" id="090CBC45-95A9-09F0-A331-D3A996D3975D">
<createdBy>jailanihar</createdBy>
<createdTime>2025-08-02 01:59:29 UTC</createdTime>
<generatorID>32DE83EB-639C-DEC4-DA2F-F1F03457A762</generatorID>
<ownerDesignName>week05</ownerDesignName>
<engineerTo>
<item key="51139317-D63D-19BE-A19E-983C54094FD1" value="true"/>
</engineerTo>
<referedAttribute>93F70FB4-2574-4063-C12A-4A866BEC579B</referedAttribute>
<useDomainConstraints>false</useDomainConstraints>
<use>1</use>
<logicalDatatype>LOGDT024</logicalDatatype>
<dataTypeSize>10</dataTypeSize>
<ownDataTypeParameters>10,,</ownDataTypeParameters>
</Attribute>
<Attribute name="id1" id="EA5B5A56-BD9A-8416-1E2E-3E37E79213C6">
<createdBy>jailanihar</createdBy>
<createdTime>2025-08-13 01:31:31 UTC</createdTime>
<generatorID>7FF21313-7C17-1E63-8FE1-05FD1E1A5820</generatorID>
<ownerDesignName>week05</ownerDesignName>
<engineerTo>
<item key="51139317-D63D-19BE-A19E-983C54094FD1" value="true"/>
</engineerTo>
<referedAttribute>FEA5D1FE-4BEF-DBD3-8393-17CF6E46376A</referedAttribute>
<useDomainConstraints>false</useDomainConstraints>
<use>1</use>
<logicalDatatype>LOGDT011</logicalDatatype>
<ownDataTypeParameters>,,</ownDataTypeParameters>
</Attribute>
</attributes>
<identifiers itemClass="oracle.dbtools.crest.model.design.logical.CandidateKey">
<identifier id="DC2EE73E-8FB7-489A-5F9F-B88718FEE30A" name="Student PK">
<createdBy>jailanihar</createdBy>
<createdTime>2025-08-02 00:07:59 UTC</createdTime>
<ownerDesignName>week05</ownerDesignName>
<engineerTo>
<item key="51139317-D63D-19BE-A19E-983C54094FD1" value="true"/>
</engineerTo>
<pk>true</pk>
<usedAttributes>
<attributeRef>484C183F-BD43-7651-C26A-5C0203E5F6BD</attributeRef>
</usedAttributes>
</identifier>
<identifier id="0BFB6F8E-FF11-EA47-DBA3-1E75A7A0F6E6" name="ic_number_unique">
<createdBy>jailanihar</createdBy>
<createdTime>2025-08-02 00:09:57 UTC</createdTime>
<ownerDesignName>week05</ownerDesignName>
<engineerTo>
<item key="51139317-D63D-19BE-A19E-983C54094FD1" value="true"/>
</engineerTo>
<newElementsIDs>29D3924A-7868-A0A9-D51B-952718BE056A</newElementsIDs>
<usedAttributes>
<attributeRef>29D3924A-7868-A0A9-D51B-952718BE056A</attributeRef>
</usedAttributes>
</identifier>
</identifiers>
</Entity>
