<?xml version = '1.0' encoding = 'UTF-8'?>
<Table class="oracle.dbtools.crest.model.design.relational.Table" directorySegmentName="seg_0" id="1EE2C62F-21D7-E968-C68B-02E53463AA8D" name="User">
<createdBy>jailanihar</createdBy>
<createdTime>2025-08-20 00:34:13 UTC</createdTime>
<generatorID>01F25709-AC35-0885-9F38-C9DB49504B45</generatorID>
<ownerDesignName>week06</ownerDesignName>
<allowColumnReorder>false</allowColumnReorder>
<existDependencyGenerateInDDl>true</existDependencyGenerateInDDl>
<parsed>true</parsed>
<columns itemClass="oracle.dbtools.crest.model.design.relational.Column">
<Column name="username" id="1BA446FB-A87C-6263-D90F-96C905766F79">
<createdBy>jailanihar</createdBy>
<createdTime>2025-08-20 00:34:13 UTC</createdTime>
<generatorID>C2BED5AF-D2B8-15E5-5BE0-752934589FD6</generatorID>
<ownerDesignName>week06</ownerDesignName>
<useDomainConstraints>false</useDomainConstraints>
<use>1</use>
<logicalDatatype>LOGDT024</logicalDatatype>
<dataTypeSize>100</dataTypeSize>
<ownDataTypeParameters>100,,</ownDataTypeParameters>
<autoIncrementCycle>false</autoIncrementCycle>
</Column>
<Column name="password" id="C0A2CFA0-4562-DD8F-5DD4-BE1010CBB7F6">
<createdBy>jailanihar</createdBy>
<createdTime>2025-08-20 00:34:13 UTC</createdTime>
<generatorID>708D4E3F-8081-37B6-5807-8D7F3AE96EEB</generatorID>
<ownerDesignName>week06</ownerDesignName>
<useDomainConstraints>false</useDomainConstraints>
<use>1</use>
<logicalDatatype>LOGDT024</logicalDatatype>
<dataTypeSize>255</dataTypeSize>
<ownDataTypeParameters>255,,</ownDataTypeParameters>
<autoIncrementCycle>false</autoIncrementCycle>
</Column>
<Column name="role" id="820ED266-B0DB-2689-3191-171F5F24F5F2">
<createdBy>jailanihar</createdBy>
<createdTime>2025-08-20 00:34:13 UTC</createdTime>
<generatorID>70C48820-6D70-5EAF-08E9-EF3C7D670C47</generatorID>
<ownerDesignName>week06</ownerDesignName>
<useDomainConstraints>false</useDomainConstraints>
<use>1</use>
<logicalDatatype>LOGDT024</logicalDatatype>
<ownDataTypeParameters>,,</ownDataTypeParameters>
<autoIncrementCycle>false</autoIncrementCycle>
</Column>
</columns>
<indexes itemClass="oracle.dbtools.crest.model.design.relational.Index">
<ind_PK_UK id="7CB09963-5631-DCA0-2CBC-84D6F51123D0" name="User_PK">
<createdBy>jailanihar</createdBy>
<createdTime>2025-08-20 00:34:13 UTC</createdTime>
<generatorID>F8A914F6-1BA0-3C8C-D10A-16F598678F57</generatorID>
<ownerDesignName>week06</ownerDesignName>
<pk>true</pk>
<indexState>Primary Constraint</indexState>
<isSurrogateKey>false</isSurrogateKey>
<indexColumnUsage>
<colUsage columnID="1BA446FB-A87C-6263-D90F-96C905766F79"/>
</indexColumnUsage>
</ind_PK_UK>
<ind_PK_UK id="F909C0A8-FCF5-D23E-3177-FD316D02667E" name="User__IDX">
<createdBy>jailanihar</createdBy>
<createdTime>2025-08-20 00:34:13 UTC</createdTime>
<ownerDesignName>week06</ownerDesignName>
<indexState>Unique Plain Index</indexState>
<isSurrogateKey>false</isSurrogateKey>
<relationGeneratorID>5E2C0B73-F1A2-136A-493A-278E290A155B</relationGeneratorID>
</ind_PK_UK>
<ind_PK_UK id="AA6BA675-5086-4EC2-DC6B-4F54A13BF1BB" name="User__IDXv1">
<createdBy>jailanihar</createdBy>
<createdTime>2025-08-20 00:34:13 UTC</createdTime>
<ownerDesignName>week06</ownerDesignName>
<indexState>Unique Plain Index</indexState>
<isSurrogateKey>false</isSurrogateKey>
<relationGeneratorID>0B4B51A4-22A9-7298-89A5-0D2B3B566C0C</relationGeneratorID>
</ind_PK_UK>
</indexes>
</Table>
