<?xml version = '1.0' encoding = 'UTF-8'?>
<Table class="oracle.dbtools.crest.model.design.relational.Table" directorySegmentName="seg_0" id="26D4828E-89A5-F734-0C76-CC6E61B4D6F2" name="Lecturer">
<createdBy>jailanihar</createdBy>
<createdTime>2025-08-20 00:34:13 UTC</createdTime>
<generatorID>05809F46-8CDA-BDC4-C3CE-C0A471DF11B8</generatorID>
<ownerDesignName>week06</ownerDesignName>
<allowColumnReorder>false</allowColumnReorder>
<existDependencyGenerateInDDl>true</existDependencyGenerateInDDl>
<parsed>true</parsed>
<columns itemClass="oracle.dbtools.crest.model.design.relational.Column">
<Column name="id" id="70A6B4CE-7CAE-CF36-7E17-F4C18F39646D">
<createdBy>jailanihar</createdBy>
<createdTime>2025-08-20 00:34:13 UTC</createdTime>
<generatorID>6FD7607B-44F1-389C-296A-A10C5B47E08C</generatorID>
<ownerDesignName>week06</ownerDesignName>
<useDomainConstraints>false</useDomainConstraints>
<use>1</use>
<logicalDatatype>LOGDT011</logicalDatatype>
<ownDataTypeParameters>,,</ownDataTypeParameters>
<autoIncrementCycle>false</autoIncrementCycle>
</Column>
<Column name="name" id="E9C1F32C-61A3-056F-3532-C213567A8D6D">
<createdBy>jailanihar</createdBy>
<createdTime>2025-08-20 00:34:13 UTC</createdTime>
<generatorID>CBD119B7-3006-20CB-2583-0E9F6E30D046</generatorID>
<ownerDesignName>week06</ownerDesignName>
<useDomainConstraints>false</useDomainConstraints>
<use>1</use>
<logicalDatatype>LOGDT024</logicalDatatype>
<dataTypeSize>255</dataTypeSize>
<ownDataTypeParameters>255,,</ownDataTypeParameters>
<autoIncrementCycle>false</autoIncrementCycle>
</Column>
<Column name="designation" id="BDEB9366-EDB0-08D2-F629-30884E5488DF">
<createdBy>jailanihar</createdBy>
<createdTime>2025-08-20 00:34:13 UTC</createdTime>
<generatorID>AC4026F0-5E6C-0D6C-0636-49B8EB78D9BA</generatorID>
<ownerDesignName>week06</ownerDesignName>
<useDomainConstraints>false</useDomainConstraints>
<use>1</use>
<logicalDatatype>LOGDT024</logicalDatatype>
<dataTypeSize>255</dataTypeSize>
<ownDataTypeParameters>255,,</ownDataTypeParameters>
<autoIncrementCycle>false</autoIncrementCycle>
</Column>
<Column name="User_username" id="B74993F2-20D0-66E5-876A-8AA3A564C02B">
<createdBy>jailanihar</createdBy>
<createdTime>2025-08-20 00:34:13 UTC</createdTime>
<generatorID>3BCD6A72-42A4-FAEA-7DE8-C0ADCBBFE95B</generatorID>
<ownerDesignName>week06</ownerDesignName>
<useDomainConstraints>false</useDomainConstraints>
<use>1</use>
<logicalDatatype>LOGDT024</logicalDatatype>
<dataTypeSize>100</dataTypeSize>
<ownDataTypeParameters>,,</ownDataTypeParameters>
<previousColumn>false</previousColumn>
<autoIncrementCycle>false</autoIncrementCycle>
<associations>
<colAssociation fkAssociation="C2C349D7-4299-CE3D-5F5C-5B7C96564F23" referredColumn="1BA446FB-A87C-6263-D90F-96C905766F79"/>
</associations>
</Column>
</columns>
<indexes itemClass="oracle.dbtools.crest.model.design.relational.Index">
<ind_PK_UK id="6208B455-ADC2-BAA2-0BB6-FD3DBA547265" name="Lecturer_PK">
<createdBy>jailanihar</createdBy>
<createdTime>2025-08-20 00:34:13 UTC</createdTime>
<generatorID>35684C54-A484-4E51-2302-F8951C3DDE32</generatorID>
<ownerDesignName>week06</ownerDesignName>
<pk>true</pk>
<indexState>Primary Constraint</indexState>
<isSurrogateKey>false</isSurrogateKey>
<indexColumnUsage>
<colUsage columnID="70A6B4CE-7CAE-CF36-7E17-F4C18F39646D"/>
</indexColumnUsage>
</ind_PK_UK>
<ind_PK_UK id="3F035261-912C-890B-3958-C882EB86DEE5" name="Lecturer__IDX">
<createdBy>jailanihar</createdBy>
<createdTime>2025-08-20 00:34:13 UTC</createdTime>
<ownerDesignName>week06</ownerDesignName>
<indexState>Unique Plain Index</indexState>
<isSurrogateKey>false</isSurrogateKey>
<relationGeneratorID>0B4B51A4-22A9-7298-89A5-0D2B3B566C0C</relationGeneratorID>
<indexColumnUsage>
<colUsage columnID="B74993F2-20D0-66E5-876A-8AA3A564C02B"/>
</indexColumnUsage>
</ind_PK_UK>
<ind_PK_UK id="2C1BBB6E-F09F-8856-72E3-EF9226539A31" name="Lecturer_User_FK">
<createdBy>jailanihar</createdBy>
<createdTime>2025-08-20 00:34:13 UTC</createdTime>
<generatorID>0B4B51A4-22A9-7298-89A5-0D2B3B566C0C</generatorID>
<ownerDesignName>week06</ownerDesignName>
<indexState>Foreign Key</indexState>
<isSurrogateKey>false</isSurrogateKey>
<indexColumnUsage>
<colUsage columnID="B74993F2-20D0-66E5-876A-8AA3A564C02B"/>
</indexColumnUsage>
</ind_PK_UK>
</indexes>
</Table>
