<?xml version = '1.0' encoding = 'UTF-8'?>
<Table class="oracle.dbtools.crest.model.design.relational.Table" directorySegmentName="seg_0" id="AA05EEE4-B5B7-3E71-3B94-3FD1B58E4045" name="Student">
<createdBy>jailanihar</createdBy>
<createdTime>2025-08-20 00:34:13 UTC</createdTime>
<generatorID>790D9250-2005-BC5D-F0B7-712749F65B37</generatorID>
<ownerDesignName>week06</ownerDesignName>
<allowColumnReorder>false</allowColumnReorder>
<existDependencyGenerateInDDl>true</existDependencyGenerateInDDl>
<parsed>true</parsed>
<columns itemClass="oracle.dbtools.crest.model.design.relational.Column">
<Column name="id" id="DECB35C7-14AC-848E-673B-A775C2F23070">
<createdBy>jailanihar</createdBy>
<createdTime>2025-08-20 00:34:13 UTC</createdTime>
<generatorID>2AA9953C-398B-60FD-654A-E275FC33CB0B</generatorID>
<ownerDesignName>week06</ownerDesignName>
<useDomainConstraints>false</useDomainConstraints>
<use>1</use>
<logicalDatatype>LOGDT024</logicalDatatype>
<dataTypeSize>9</dataTypeSize>
<ownDataTypeParameters>9,,</ownDataTypeParameters>
<autoIncrementCycle>false</autoIncrementCycle>
</Column>
<Column name="name" id="CDFAF76E-0169-1A63-A15C-B99823C64AB3">
<createdBy>jailanihar</createdBy>
<createdTime>2025-08-20 00:34:13 UTC</createdTime>
<generatorID>623E055A-37F3-C95A-F6BD-78E2E518CCE4</generatorID>
<ownerDesignName>week06</ownerDesignName>
<useDomainConstraints>false</useDomainConstraints>
<use>1</use>
<logicalDatatype>LOGDT024</logicalDatatype>
<dataTypeSize>255</dataTypeSize>
<ownDataTypeParameters>255,,</ownDataTypeParameters>
<autoIncrementCycle>false</autoIncrementCycle>
</Column>
<Column name="User_username" id="C2B5EA89-F617-3AD6-0BA0-EF32739ECE3A">
<createdBy>jailanihar</createdBy>
<createdTime>2025-08-20 00:34:13 UTC</createdTime>
<generatorID>2CAC7161-36CF-10C4-8523-D5B7532007E7</generatorID>
<ownerDesignName>week06</ownerDesignName>
<useDomainConstraints>false</useDomainConstraints>
<use>1</use>
<logicalDatatype>LOGDT024</logicalDatatype>
<dataTypeSize>100</dataTypeSize>
<ownDataTypeParameters>,,</ownDataTypeParameters>
<previousColumn>false</previousColumn>
<autoIncrementCycle>false</autoIncrementCycle>
<associations>
<colAssociation fkAssociation="80370A2E-87BF-64A6-A100-B7CE6E37FBE1" referredColumn="1BA446FB-A87C-6263-D90F-96C905766F79"/>
</associations>
</Column>
</columns>
<indexes itemClass="oracle.dbtools.crest.model.design.relational.Index">
<ind_PK_UK id="2D8AC7F3-BB31-A07E-43C3-5C5E00FD42C5" name="Student_PK">
<createdBy>jailanihar</createdBy>
<createdTime>2025-08-20 00:34:13 UTC</createdTime>
<generatorID>65C9CE65-7D76-DF9B-F22E-4A7337A15611</generatorID>
<ownerDesignName>week06</ownerDesignName>
<pk>true</pk>
<indexState>Primary Constraint</indexState>
<isSurrogateKey>false</isSurrogateKey>
<indexColumnUsage>
<colUsage columnID="DECB35C7-14AC-848E-673B-A775C2F23070"/>
</indexColumnUsage>
</ind_PK_UK>
<ind_PK_UK id="55E75C8F-CA48-D9CE-3419-7CBF728172AA" name="Student__IDX">
<createdBy>jailanihar</createdBy>
<createdTime>2025-08-20 00:34:13 UTC</createdTime>
<ownerDesignName>week06</ownerDesignName>
<indexState>Unique Plain Index</indexState>
<isSurrogateKey>false</isSurrogateKey>
<relationGeneratorID>5E2C0B73-F1A2-136A-493A-278E290A155B</relationGeneratorID>
<indexColumnUsage>
<colUsage columnID="C2B5EA89-F617-3AD6-0BA0-EF32739ECE3A"/>
</indexColumnUsage>
</ind_PK_UK>
<ind_PK_UK id="D0E9E2F6-19D0-DE5C-7F9E-9EB435CF413D" name="Student_User_FK">
<createdBy>jailanihar</createdBy>
<createdTime>2025-08-20 00:34:13 UTC</createdTime>
<generatorID>5E2C0B73-F1A2-136A-493A-278E290A155B</generatorID>
<ownerDesignName>week06</ownerDesignName>
<indexState>Foreign Key</indexState>
<isSurrogateKey>false</isSurrogateKey>
<indexColumnUsage>
<colUsage columnID="C2B5EA89-F617-3AD6-0BA0-EF32739ECE3A"/>
</indexColumnUsage>
</ind_PK_UK>
</indexes>
</Table>
