<?xml version = '1.0' encoding = 'UTF-8'?>
<Relation class="oracle.dbtools.crest.model.design.logical.Relation" name="group_module_rel_Group_FK" directorySegmentName="seg_0" id="229A6288-5676-BFE1-0E12-1B76EEFBEDCE">
<createdBy>jailanihar</createdBy>
<createdTime>2025-08-16 01:06:34 UTC</createdTime>
<generatorID>D17D87EF-1275-4AD0-3A49-17999D8E2511</generatorID>
<ownerDesignName>week05</ownerDesignName>
<engineerTo>
<item key="51139317-D63D-19BE-A19E-983C54094FD1" value="true"/>
</engineerTo>
<sourcePk>008EAEA5-EE62-4F9D-E846-D6E1E713B799</sourcePk>
<identifying>true</identifying>
<optionalSource>true</optionalSource>
<optionalTarget>false</optionalTarget>
<sourceCardinality>1</sourceCardinality>
<sourceEntity>70D16DE6-03C8-D469-3C95-A6CE78B392E9</sourceEntity>
<targetCardinalityString>*</targetCardinalityString>
<targetEntity>434AF7AE-7CF9-0A6F-B682-0ED8737CAA1C</targetEntity>
<transferable>true</transferable>
<deleteRule>NO ACTION</deleteRule>
</Relation>
