<?xml version = '1.0' encoding = 'UTF-8'?>
<Relation class="oracle.dbtools.crest.model.design.logical.Relation" name="Lecturer_Lecturer_FK" directorySegmentName="seg_0" id="26FEC1FE-14C4-6DA1-B807-88352B32AC10">
<createdBy>jailanihar</createdBy>
<createdTime>2025-08-16 01:06:34 UTC</createdTime>
<generatorID>94CCB973-4167-77D3-42AA-39036FC1D509</generatorID>
<ownerDesignName>week05</ownerDesignName>
<engineerTo>
<item key="51139317-D63D-19BE-A19E-983C54094FD1" value="true"/>
</engineerTo>
<targetPk>D239BEEC-4C26-50CB-F038-A86F31009E5C</targetPk>
<identifying>false</identifying>
<optionalSource>true</optionalSource>
<optionalTarget>false</optionalTarget>
<sourceCardinality>1</sourceCardinality>
<sourceEntity>53659349-A239-022D-0B37-719FE10B5D40</sourceEntity>
<targetCardinalityString>*</targetCardinalityString>
<targetEntity>53659349-A239-022D-0B37-719FE10B5D40</targetEntity>
<transferable>true</transferable>
<deleteRule>NO ACTION</deleteRule>
</Relation>
