<?xml version = '1.0' encoding = 'UTF-8'?>
<Relation class="oracle.dbtools.crest.model.design.logical.Relation" name="group_module_rel_Lecturer_FK" directorySegmentName="seg_0" id="27245BC5-B413-E0BF-32A3-89BDAF95B754">
<createdBy>jailanihar</createdBy>
<createdTime>2025-08-16 01:06:34 UTC</createdTime>
<generatorID>17AD7868-387E-2610-4634-B02C057720DA</generatorID>
<ownerDesignName>week05</ownerDesignName>
<engineerTo>
<item key="51139317-D63D-19BE-A19E-983C54094FD1" value="true"/>
</engineerTo>
<sourcePk>D239BEEC-4C26-50CB-F038-A86F31009E5C</sourcePk>
<identifying>false</identifying>
<optionalSource>true</optionalSource>
<optionalTarget>false</optionalTarget>
<sourceCardinality>1</sourceCardinality>
<sourceEntity>53659349-A239-022D-0B37-719FE10B5D40</sourceEntity>
<targetCardinalityString>*</targetCardinalityString>
<targetEntity>434AF7AE-7CF9-0A6F-B682-0ED8737CAA1C</targetEntity>
<transferable>true</transferable>
<deleteRule>NO ACTION</deleteRule>
</Relation>
