<?xml version = '1.0' encoding = 'UTF-8'?>
<Relation class="oracle.dbtools.crest.model.design.logical.Relation" name="group_module_rel" directorySegmentName="seg_0" id="4E76E567-E6F8-BCF3-9167-9950BFFEC832">
<createdBy>jailanihar</createdBy>
<createdTime>2025-08-06 01:58:45 UTC</createdTime>
<ownerDesignName>week05</ownerDesignName>
<engineerTo>
<item key="51139317-D63D-19BE-A19E-983C54094FD1" value="true"/>
</engineerTo>
<identifying>false</identifying>
<optionalSource>false</optionalSource>
<optionalTarget>false</optionalTarget>
<sourceCardinality>*</sourceCardinality>
<sourceEntity>EC1567A1-0E85-E9AB-62A1-E29EBD2A1F8D</sourceEntity>
<targetCardinalityString>*</targetCardinalityString>
<targetEntity>D32818A8-319A-EB59-D53A-43B58BB9EE06</targetEntity>
<transferable>true</transferable>
<deleteRule>NO ACTION</deleteRule>
<attributes itemClass="oracle.dbtools.crest.model.design.logical.Attribute">
<attribute name="sem_no" id="5F534847-C8BB-DD5A-75DF-961AFE7D3842">
<createdBy>jailanihar</createdBy>
<createdTime>2025-08-13 00:48:38 UTC</createdTime>
<ownerDesignName>week05</ownerDesignName>
<engineerTo>
<item key="51139317-D63D-19BE-A19E-983C54094FD1" value="true"/>
</engineerTo>
<useDomainConstraints>false</useDomainConstraints>
<use>1</use>
<logicalDatatype>LOGDT011</logicalDatatype>
<ownDataTypeParameters>,,</ownDataTypeParameters>
</attribute>
</attributes>
</Relation>
