<?xml version = '1.0' encoding = 'UTF-8'?>
<Relation class="oracle.dbtools.crest.model.design.logical.Relation" name="Student_Next_Of_Kin_FK" directorySegmentName="seg_0" id="594BF5EF-F8B2-F734-CA87-55CBEC7664C9">
<createdBy>jailanihar</createdBy>
<createdTime>2025-08-16 01:06:34 UTC</createdTime>
<generatorID>3D33C9B3-ED5E-1539-8A18-2B1196362C86</generatorID>
<ownerDesignName>week05</ownerDesignName>
<engineerTo>
<item key="51139317-D63D-19BE-A19E-983C54094FD1" value="true"/>
</engineerTo>
<sourcePk>3D5E736D-557A-BD44-5714-A8F09E363FDE</sourcePk>
<dominantRole>D8F3D5F5-2BA8-34E4-B730-18D89C661E31</dominantRole>
<identifying>false</identifying>
<optionalSource>true</optionalSource>
<optionalTarget>false</optionalTarget>
<sourceCardinality>1</sourceCardinality>
<sourceEntity>D8F3D5F5-2BA8-34E4-B730-18D89C661E31</sourceEntity>
<targetCardinalityString>1</targetCardinalityString>
<targetEntity>99EE10F0-EC72-0899-57D9-FC6A7853D32D</targetEntity>
<transferable>true</transferable>
<deleteRule>NO ACTION</deleteRule>
</Relation>
