<?xml version = '1.0' encoding = 'UTF-8'?>
<Relation class="oracle.dbtools.crest.model.design.logical.Relation" name="kin_student" directorySegmentName="seg_0" id="7FF21313-7C17-1E63-8FE1-05FD1E1A5820">
<createdBy>jailanihar</createdBy>
<createdTime>2025-08-13 01:31:31 UTC</createdTime>
<ownerDesignName>week05</ownerDesignName>
<engineerTo>
<item key="51139317-D63D-19BE-A19E-983C54094FD1" value="true"/>
</engineerTo>
<sourcePk>64D3CCD6-85F1-A021-884C-F7AA2F34B74B</sourcePk>
<targetPk>DC2EE73E-8FB7-489A-5F9F-B88718FEE30A</targetPk>
<identifying>false</identifying>
<optionalSource>false</optionalSource>
<optionalTarget>false</optionalTarget>
<sourceCardinality>1</sourceCardinality>
<sourceEntity>7FA2D9E5-8433-B7A7-35A2-E69766832C16</sourceEntity>
<targetCardinalityString>1</targetCardinalityString>
<targetEntity>EF560D73-E4C8-90D1-49BF-1ECC2CDE862A</targetEntity>
<transferable>true</transferable>
<deleteRule>NO ACTION</deleteRule>
</Relation>
