<?xml version = '1.0' encoding = 'UTF-8'?>
<Relation class="oracle.dbtools.crest.model.design.logical.Relation" name="Next_Of_Kin_Student_FK" directorySegmentName="seg_0" id="97BA0EDE-87B2-465E-C71C-035C818A1597">
<createdBy>jailanihar</createdBy>
<createdTime>2025-08-16 01:06:34 UTC</createdTime>
<generatorID>354E2D3C-73FA-D4BA-D169-7A7BEDB10E9F</generatorID>
<ownerDesignName>week05</ownerDesignName>
<engineerTo>
<item key="51139317-D63D-19BE-A19E-983C54094FD1" value="true"/>
</engineerTo>
<sourcePk>5A06B1E4-FFFC-E402-E625-28AA2F57BDF9</sourcePk>
<dominantRole>99EE10F0-EC72-0899-57D9-FC6A7853D32D</dominantRole>
<identifying>false</identifying>
<optionalSource>true</optionalSource>
<optionalTarget>false</optionalTarget>
<sourceCardinality>1</sourceCardinality>
<sourceEntity>99EE10F0-EC72-0899-57D9-FC6A7853D32D</sourceEntity>
<targetCardinalityString>1</targetCardinalityString>
<targetEntity>D8F3D5F5-2BA8-34E4-B730-18D89C661E31</targetEntity>
<transferable>true</transferable>
<deleteRule>NO ACTION</deleteRule>
</Relation>
