<?xml version = '1.0' encoding = 'UTF-8'?>
<Relation class="oracle.dbtools.crest.model.design.logical.Relation" name="group_module_rel_Module_FK" directorySegmentName="seg_0" id="E4D96A68-7DB2-B013-40FF-8A85F554A6C8">
<createdBy>jailanihar</createdBy>
<createdTime>2025-08-16 01:06:34 UTC</createdTime>
<generatorID>1881BAF6-81F0-D2E8-05E4-A021693A1466</generatorID>
<ownerDesignName>week05</ownerDesignName>
<engineerTo>
<item key="51139317-D63D-19BE-A19E-983C54094FD1" value="true"/>
</engineerTo>
<sourcePk>6F6D64C6-DDD5-B68A-879C-0FB23EA3FA4D</sourcePk>
<identifying>true</identifying>
<optionalSource>true</optionalSource>
<optionalTarget>false</optionalTarget>
<sourceCardinality>1</sourceCardinality>
<sourceEntity>E3C0F102-37DC-9E44-8510-0880A2667AC8</sourceEntity>
<targetCardinalityString>*</targetCardinalityString>
<targetEntity>434AF7AE-7CF9-0A6F-B682-0ED8737CAA1C</targetEntity>
<transferable>true</transferable>
<deleteRule>NO ACTION</deleteRule>
</Relation>
