<?xml version = '1.0' encoding = 'UTF-8'?>
<Relation class="oracle.dbtools.crest.model.design.logical.Relation" name="Student_Group_FK" directorySegmentName="seg_0" id="F91ACEDA-35DF-BE29-59C8-F59EC6B7827E">
<createdBy>jailanihar</createdBy>
<createdTime>2025-08-16 01:06:34 UTC</createdTime>
<generatorID>FA301B64-A017-8363-FF87-EC7E9548CD9F</generatorID>
<ownerDesignName>week05</ownerDesignName>
<engineerTo>
<item key="51139317-D63D-19BE-A19E-983C54094FD1" value="true"/>
</engineerTo>
<sourcePk>008EAEA5-EE62-4F9D-E846-D6E1E713B799</sourcePk>
<identifying>false</identifying>
<optionalSource>true</optionalSource>
<optionalTarget>false</optionalTarget>
<sourceCardinality>1</sourceCardinality>
<sourceEntity>70D16DE6-03C8-D469-3C95-A6CE78B392E9</sourceEntity>
<targetCardinalityString>*</targetCardinalityString>
<targetEntity>99EE10F0-EC72-0899-57D9-FC6A7853D32D</targetEntity>
<transferable>true</transferable>
<deleteRule>NO ACTION</deleteRule>
</Relation>
