<?xml version = '1.0' encoding = 'UTF-8'?>
<Table class="oracle.dbtools.crest.model.design.relational.Table" directorySegmentName="seg_0" id="76C1C7B4-7896-826E-D14E-B48F66FC2C43" name="Lecturer">
<createdBy>jailanihar</createdBy>
<createdTime>2025-08-23 00:19:21 UTC</createdTime>
<generatorID>6C90E105-2822-EECF-3A3A-BF31A86BC19F</generatorID>
<ownerDesignName>week06</ownerDesignName>
<allowColumnReorder>false</allowColumnReorder>
<existDependencyGenerateInDDl>true</existDependencyGenerateInDDl>
<parsed>true</parsed>
<columns itemClass="oracle.dbtools.crest.model.design.relational.Column">
<Column name="id" id="7C0753A8-B574-1476-E671-9BE59C4EF844">
<createdBy>jailanihar</createdBy>
<createdTime>2025-08-23 00:19:21 UTC</createdTime>
<generatorID>FA68E85D-CFE9-3BD1-95C6-33A7C0CAC0FD</generatorID>
<ownerDesignName>week06</ownerDesignName>
<useDomainConstraints>false</useDomainConstraints>
<use>1</use>
<logicalDatatype>LOGDT011</logicalDatatype>
<ownDataTypeParameters>,,</ownDataTypeParameters>
<autoIncrementCycle>false</autoIncrementCycle>
</Column>
<Column name="name" id="CF4081D4-9540-7D96-A7ED-82C2A4A42B68">
<createdBy>jailanihar</createdBy>
<createdTime>2025-08-23 00:19:21 UTC</createdTime>
<generatorID>5EC95B83-9672-BA21-66E2-5DB53CDC6F66</generatorID>
<ownerDesignName>week06</ownerDesignName>
<useDomainConstraints>false</useDomainConstraints>
<use>1</use>
<logicalDatatype>LOGDT024</logicalDatatype>
<dataTypeSize>255</dataTypeSize>
<ownDataTypeParameters>255,,</ownDataTypeParameters>
<autoIncrementCycle>false</autoIncrementCycle>
</Column>
<Column name="designation" id="B8B6D6C7-40F2-BA74-F9D0-33E7C8B539A2">
<createdBy>jailanihar</createdBy>
<createdTime>2025-08-23 00:19:21 UTC</createdTime>
<generatorID>FD724A92-6354-B7C7-B15C-AF4DB3AE40CC</generatorID>
<ownerDesignName>week06</ownerDesignName>
<nullsAllowed>true</nullsAllowed>
<useDomainConstraints>false</useDomainConstraints>
<use>1</use>
<logicalDatatype>LOGDT024</logicalDatatype>
<dataTypeSize>255</dataTypeSize>
<ownDataTypeParameters>255,,</ownDataTypeParameters>
<autoIncrementCycle>false</autoIncrementCycle>
</Column>
<Column name="User_username" id="AABB213F-A685-3DF4-A9FD-66C5C04B9238">
<createdBy>jailanihar</createdBy>
<createdTime>2025-08-23 00:19:21 UTC</createdTime>
<generatorID>989EA108-259E-B299-0563-82C014377E55</generatorID>
<ownerDesignName>week06</ownerDesignName>
<useDomainConstraints>false</useDomainConstraints>
<use>1</use>
<logicalDatatype>LOGDT024</logicalDatatype>
<dataTypeSize>100</dataTypeSize>
<ownDataTypeParameters>,,</ownDataTypeParameters>
<previousColumn>false</previousColumn>
<autoIncrementCycle>false</autoIncrementCycle>
<associations>
<colAssociation fkAssociation="2B4BFBFA-FED1-A502-B562-49FC4E92591E" referredColumn="4353CA38-1481-112A-F47A-EABEC9A4F8C0"/>
</associations>
</Column>
</columns>
<indexes itemClass="oracle.dbtools.crest.model.design.relational.Index">
<ind_PK_UK id="9A8D7934-117C-635F-74E0-7AED67B24B4A" name="Lecturer_PK">
<createdBy>jailanihar</createdBy>
<createdTime>2025-08-23 00:19:21 UTC</createdTime>
<generatorID>408E0AF4-4E3A-5987-94FB-9238BC9D208F</generatorID>
<ownerDesignName>week06</ownerDesignName>
<pk>true</pk>
<indexState>Primary Constraint</indexState>
<isSurrogateKey>false</isSurrogateKey>
<indexColumnUsage>
<colUsage columnID="7C0753A8-B574-1476-E671-9BE59C4EF844"/>
</indexColumnUsage>
</ind_PK_UK>
<ind_PK_UK id="4EB6A8B6-C090-1543-AE7F-32394CB3D47F" name="Lecturer__IDX">
<createdBy>jailanihar</createdBy>
<createdTime>2025-08-23 00:19:21 UTC</createdTime>
<ownerDesignName>week06</ownerDesignName>
<indexState>Unique Plain Index</indexState>
<isSurrogateKey>false</isSurrogateKey>
<relationGeneratorID>EE6CECB8-EADB-FE5F-F125-984A7677F51D</relationGeneratorID>
<indexColumnUsage>
<colUsage columnID="AABB213F-A685-3DF4-A9FD-66C5C04B9238"/>
</indexColumnUsage>
</ind_PK_UK>
<ind_PK_UK id="B7A1C766-45FF-C8BD-2080-429E4E0E27E9" name="Lecturer_User_FK">
<createdBy>jailanihar</createdBy>
<createdTime>2025-08-23 00:19:21 UTC</createdTime>
<generatorID>EE6CECB8-EADB-FE5F-F125-984A7677F51D</generatorID>
<ownerDesignName>week06</ownerDesignName>
<indexState>Foreign Key</indexState>
<isSurrogateKey>false</isSurrogateKey>
<indexColumnUsage>
<colUsage columnID="AABB213F-A685-3DF4-A9FD-66C5C04B9238"/>
</indexColumnUsage>
</ind_PK_UK>
</indexes>
</Table>