<?xml version = '1.0' encoding = 'UTF-8'?>
<Table class="oracle.dbtools.crest.model.design.relational.Table" directorySegmentName="seg_0" id="C6B27B46-F9F4-9BD4-0BE1-57963B3D83B1" name="Student">
<createdBy>jailanihar</createdBy>
<createdTime>2025-08-23 00:19:21 UTC</createdTime>
<generatorID>4B8E61CC-D7E7-70F1-55CB-FBC27A425DB8</generatorID>
<ownerDesignName>week06</ownerDesignName>
<allowColumnReorder>false</allowColumnReorder>
<existDependencyGenerateInDDl>true</existDependencyGenerateInDDl>
<parsed>true</parsed>
<columns itemClass="oracle.dbtools.crest.model.design.relational.Column">
<Column name="id" id="5162DBAE-6876-A78A-449D-8A2AAB64E20B">
<createdBy>jailanihar</createdBy>
<createdTime>2025-08-23 00:19:21 UTC</createdTime>
<generatorID>49FA6E50-3D59-B23C-D340-399B077C5F2A</generatorID>
<ownerDesignName>week06</ownerDesignName>
<useDomainConstraints>false</useDomainConstraints>
<use>1</use>
<logicalDatatype>LOGDT024</logicalDatatype>
<dataTypeSize>9</dataTypeSize>
<ownDataTypeParameters>9,,</ownDataTypeParameters>
<autoIncrementCycle>false</autoIncrementCycle>
</Column>
<Column name="name" id="166CA5A6-AE1B-BCF9-DFCB-6886E313DE52">
<createdBy>jailanihar</createdBy>
<createdTime>2025-08-23 00:19:21 UTC</createdTime>
<generatorID>4B33E244-B3AD-B6A1-EC9E-1F0996FAC1B7</generatorID>
<ownerDesignName>week06</ownerDesignName>
<useDomainConstraints>false</useDomainConstraints>
<use>1</use>
<logicalDatatype>LOGDT024</logicalDatatype>
<dataTypeSize>255</dataTypeSize>
<ownDataTypeParameters>255,,</ownDataTypeParameters>
<autoIncrementCycle>false</autoIncrementCycle>
</Column>
<Column name="User_username" id="7C7BAC89-E5FB-D8D1-4991-2159A80686BC">
<createdBy>jailanihar</createdBy>
<createdTime>2025-08-23 00:19:21 UTC</createdTime>
<generatorID>55BB9668-F141-56DE-70C5-BFE2773671A6</generatorID>
<ownerDesignName>week06</ownerDesignName>
<useDomainConstraints>false</useDomainConstraints>
<use>1</use>
<logicalDatatype>LOGDT024</logicalDatatype>
<dataTypeSize>100</dataTypeSize>
<ownDataTypeParameters>,,</ownDataTypeParameters>
<previousColumn>false</previousColumn>
<autoIncrementCycle>false</autoIncrementCycle>
<associations>
<colAssociation fkAssociation="7FFBBC37-6069-90D3-40AE-309FFFAC36E2" referredColumn="4353CA38-1481-112A-F47A-EABEC9A4F8C0"/>
</associations>
</Column>
</columns>
<indexes itemClass="oracle.dbtools.crest.model.design.relational.Index">
<ind_PK_UK id="BCD7F564-C38A-5462-45A9-ACA7B96418E2" name="Student_PK">
<createdBy>jailanihar</createdBy>
<createdTime>2025-08-23 00:19:21 UTC</createdTime>
<generatorID>34BE561B-5997-F501-6B2A-D06EDD066FB7</generatorID>
<ownerDesignName>week06</ownerDesignName>
<pk>true</pk>
<indexState>Primary Constraint</indexState>
<isSurrogateKey>false</isSurrogateKey>
<indexColumnUsage>
<colUsage columnID="5162DBAE-6876-A78A-449D-8A2AAB64E20B"/>
</indexColumnUsage>
</ind_PK_UK>
<ind_PK_UK id="02874D8C-CF73-60A2-8E8B-C8ABD64A3996" name="Student__IDX">
<createdBy>jailanihar</createdBy>
<createdTime>2025-08-23 00:19:21 UTC</createdTime>
<ownerDesignName>week06</ownerDesignName>
<indexState>Unique Plain Index</indexState>
<isSurrogateKey>false</isSurrogateKey>
<relationGeneratorID>E563ED42-EBD5-7CA6-9631-8588185AD887</relationGeneratorID>
<indexColumnUsage>
<colUsage columnID="7C7BAC89-E5FB-D8D1-4991-2159A80686BC"/>
</indexColumnUsage>
</ind_PK_UK>
<ind_PK_UK id="7BB9884D-AD8F-E0E3-17B0-4123BBA42F33" name="Student_User_FK">
<createdBy>jailanihar</createdBy>
<createdTime>2025-08-23 00:19:21 UTC</createdTime>
<generatorID>E563ED42-EBD5-7CA6-9631-8588185AD887</generatorID>
<ownerDesignName>week06</ownerDesignName>
<indexState>Foreign Key</indexState>
<isSurrogateKey>false</isSurrogateKey>
<indexColumnUsage>
<colUsage columnID="7C7BAC89-E5FB-D8D1-4991-2159A80686BC"/>
</indexColumnUsage>
</ind_PK_UK>
</indexes>
</Table>