<?xml version = '1.0' encoding = 'UTF-8'?>
<Table class="oracle.dbtools.crest.model.design.relational.Table" directorySegmentName="seg_0" id="E0E94458-81C4-3EC9-D39A-2FEFB9B7F4E3" name="User">
<createdBy>jailanihar</createdBy>
<createdTime>2025-08-23 00:19:21 UTC</createdTime>
<generatorID>D0FB4ABB-AC17-D801-0102-34E08F85903C</generatorID>
<ownerDesignName>week06</ownerDesignName>
<allowColumnReorder>false</allowColumnReorder>
<existDependencyGenerateInDDl>true</existDependencyGenerateInDDl>
<parsed>true</parsed>
<columns itemClass="oracle.dbtools.crest.model.design.relational.Column">
<Column name="username" id="4353CA38-1481-112A-F47A-EABEC9A4F8C0">
<createdBy>jailanihar</createdBy>
<createdTime>2025-08-23 00:19:21 UTC</createdTime>
<generatorID>AE2F2E78-29D7-965A-A26F-D3C764A82CBC</generatorID>
<ownerDesignName>week06</ownerDesignName>
<useDomainConstraints>false</useDomainConstraints>
<use>1</use>
<logicalDatatype>LOGDT024</logicalDatatype>
<dataTypeSize>100</dataTypeSize>
<ownDataTypeParameters>100,,</ownDataTypeParameters>
<autoIncrementCycle>false</autoIncrementCycle>
</Column>
<Column name="password" id="4181E433-292C-A913-FE61-353D4C9DFC87">
<createdBy>jailanihar</createdBy>
<createdTime>2025-08-23 00:19:21 UTC</createdTime>
<generatorID>D65EDB62-CF6C-EA02-6B16-E73C7C6ED04A</generatorID>
<ownerDesignName>week06</ownerDesignName>
<useDomainConstraints>false</useDomainConstraints>
<use>1</use>
<logicalDatatype>LOGDT024</logicalDatatype>
<dataTypeSize>255</dataTypeSize>
<ownDataTypeParameters>255,,</ownDataTypeParameters>
<autoIncrementCycle>false</autoIncrementCycle>
</Column>
<Column name="role" id="50191C79-4ADB-CDCB-99BE-482A4C26099D">
<createdBy>jailanihar</createdBy>
<createdTime>2025-08-23 00:19:21 UTC</createdTime>
<generatorID>76BCAC8E-6A1D-96C1-18F9-B96E8ED95597</generatorID>
<ownerDesignName>week06</ownerDesignName>
<useDomainConstraints>false</useDomainConstraints>
<use>1</use>
<logicalDatatype>LOGDT024</logicalDatatype>
<dataTypeSize>255</dataTypeSize>
<ownDataTypeParameters>255,,</ownDataTypeParameters>
<autoIncrementCycle>false</autoIncrementCycle>
</Column>
</columns>
<indexes itemClass="oracle.dbtools.crest.model.design.relational.Index">
<ind_PK_UK id="C0F15834-6C95-4961-B3CE-AC7F71471217" name="User_PK">
<createdBy>jailanihar</createdBy>
<createdTime>2025-08-23 00:19:21 UTC</createdTime>
<generatorID>2D7FBDC1-2EB6-189B-327D-F4E937E3400A</generatorID>
<ownerDesignName>week06</ownerDesignName>
<pk>true</pk>
<indexState>Primary Constraint</indexState>
<isSurrogateKey>false</isSurrogateKey>
<indexColumnUsage>
<colUsage columnID="4353CA38-1481-112A-F47A-EABEC9A4F8C0"/>
</indexColumnUsage>
</ind_PK_UK>
</indexes>
</Table>
