<?xml version = '1.0' encoding = 'UTF-8'?>
<Relation class="oracle.dbtools.crest.model.design.logical.Relation" name="Relation_2" directorySegmentName="seg_0" id="0B4B51A4-22A9-7298-89A5-0D2B3B566C0C">
<createdBy>jailanihar</createdBy>
<createdTime>2025-08-20 00:33:02 UTC</createdTime>
<ownerDesignName>week06</ownerDesignName>
<engineerTo>
<item key="96C7C342-A885-73F7-A188-E21C2973FDBF" value="true"/>
</engineerTo>
<sourcePk>F8A914F6-1BA0-3C8C-D10A-16F598678F57</sourcePk>
<targetPk>35684C54-A484-4E51-2302-F8951C3DDE32</targetPk>
<identifying>false</identifying>
<optionalSource>false</optionalSource>
<optionalTarget>false</optionalTarget>
<sourceCardinality>1</sourceCardinality>
<sourceEntity>01F25709-AC35-0885-9F38-C9DB49504B45</sourceEntity>
<targetCardinalityString>1</targetCardinalityString>
<targetEntity>05809F46-8CDA-BDC4-C3CE-C0A471DF11B8</targetEntity>
<transferable>true</transferable>
<deleteRule>NO ACTION</deleteRule>
</Relation>
