<?xml version = '1.0' encoding = 'UTF-8'?>
<Relation class="oracle.dbtools.crest.model.design.logical.Relation" name="Relation_1" directorySegmentName="seg_0" id="5E2C0B73-F1A2-136A-493A-278E290A155B">
<createdBy>jailanihar</createdBy>
<createdTime>2025-08-20 00:32:50 UTC</createdTime>
<ownerDesignName>week06</ownerDesignName>
<engineerTo>
<item key="96C7C342-A885-73F7-A188-E21C2973FDBF" value="true"/>
</engineerTo>
<sourcePk>F8A914F6-1BA0-3C8C-D10A-16F598678F57</sourcePk>
<targetPk>65C9CE65-7D76-DF9B-F22E-4A7337A15611</targetPk>
<identifying>false</identifying>
<optionalSource>false</optionalSource>
<optionalTarget>false</optionalTarget>
<sourceCardinality>1</sourceCardinality>
<sourceEntity>01F25709-AC35-0885-9F38-C9DB49504B45</sourceEntity>
<targetCardinalityString>1</targetCardinalityString>
<targetEntity>790D9250-2005-BC5D-F0B7-712749F65B37</targetEntity>
<transferable>true</transferable>
<deleteRule>NO ACTION</deleteRule>
</Relation>
