<?xml version = '1.0' encoding = 'UTF-8'?>
<Relation class="oracle.dbtools.crest.model.design.logical.Relation" name="Relation_1" directorySegmentName="seg_0" id="E563ED42-EBD5-7CA6-9631-8588185AD887">
<createdBy>jailanihar</createdBy>
<createdTime>2025-08-23 00:19:10 UTC</createdTime>
<ownerDesignName>week06</ownerDesignName>
<engineerTo>
<item key="6A40B2D4-C996-E581-75BF-BC296CDEB2AF" value="true"/>
</engineerTo>
<sourcePk>2D7FBDC1-2EB6-189B-327D-F4E937E3400A</sourcePk>
<identifying>false</identifying>
<optionalSource>true</optionalSource>
<optionalTarget>false</optionalTarget>
<sourceCardinality>1</sourceCardinality>
<sourceEntity>D0FB4ABB-AC17-D801-0102-34E08F85903C</sourceEntity>
<targetCardinalityString>1</targetCardinalityString>
<targetEntity>4B8E61CC-D7E7-70F1-55CB-FBC27A425DB8</targetEntity>
<transferable>true</transferable>
<deleteRule>NO ACTION</deleteRule>
</Relation>