<?xml version = '1.0' encoding = 'UTF-8'?>
<Relation class="oracle.dbtools.crest.model.design.logical.Relation" name="Relation_2" directorySegmentName="seg_0" id="EE6CECB8-EADB-FE5F-F125-984A7677F51D">
<createdBy>jailanihar</createdBy>
<createdTime>2025-08-23 00:19:16 UTC</createdTime>
<ownerDesignName>week06</ownerDesignName>
<engineerTo>
<item key="6A40B2D4-C996-E581-75BF-BC296CDEB2AF" value="true"/>
</engineerTo>
<sourcePk>2D7FBDC1-2EB6-189B-327D-F4E937E3400A</sourcePk>
<identifying>false</identifying>
<optionalSource>true</optionalSource>
<optionalTarget>false</optionalTarget>
<sourceCardinality>1</sourceCardinality>
<sourceEntity>D0FB4ABB-AC17-D801-0102-34E08F85903C</sourceEntity>
<targetCardinalityString>1</targetCardinalityString>
<targetEntity>6C90E105-2822-EECF-3A3A-BF31A86BC19F</targetEntity>
<transferable>true</transferable>
<deleteRule>NO ACTION</deleteRule>
</Relation>