<?xml version = '1.0' encoding = 'UTF-8'?>
<Diagram class="oracle.dbtools.crest.swingui.relational.DPVRelational" name="Relational_1" id="DFEE42D4-AAD1-8D9C-1879-E1FFE2AA0186">
<createdBy>jailanihar</createdBy>
<modifiedBy>jailanihar</modifiedBy>
<createdTime>2025-08-02 00:10:37 UTC</createdTime>
<autoRoute>false</autoRoute>
<boxInbox>true</boxInbox>
<showLegend>false</showLegend>
<showLabels>false</showLabels>
<showRelAttributes>false</showRelAttributes>
<gridEnabled>false</gridEnabled>
<showGrid>false</showGrid>
<diagramColor>-1</diagramColor>
<display>false</display>
<notation>1</notation>
<objectViews>
<OView class="oracle.dbtools.crest.swingui.relational.TVTable" oid="656F07EA-FB38-CD40-8B22-03B1EDB93CDB" otype="Table" vid="0BE9EACB-87FD-7A39-7673-A0D35AC9C73C">
<hideElementsInCurrentOnly>false</hideElementsInCurrentOnly>
<bounds x="29" y="49" width="226" height="181"/>
</OView>
<OView class="oracle.dbtools.crest.swingui.relational.TVTable" oid="F204200A-87AA-0193-9B74-CAF3020D78C4" otype="Table" vid="96C99BE0-83E0-2E74-F4CD-819832CC804E">
<hideElementsInCurrentOnly>false</hideElementsInCurrentOnly>
<bounds x="377" y="63" width="198" height="138"/>
</OView>
</objectViews>
<connectors>
<Connector class="oracle.dbtools.crest.swingui.relational.TVFKRelation" oid="2B6F9654-D711-F001-E27D-30FA735EA339" otype="FKIndexAssociation" vid_source="96C99BE0-83E0-2E74-F4CD-819832CC804E" vid_target="0BE9EACB-87FD-7A39-7673-A0D35AC9C73C">
<hideElementsInCurrentOnly>false</hideElementsInCurrentOnly>
<backgroundColor>-16777216</backgroundColor>
<lineWidth>1</lineWidth>
<points>
<point x="377" y="132"/>
<point x="255" y="132"/>
</points>
</Connector>
</connectors>
</Diagram>