<?xml version = '1.0' encoding = 'UTF-8'?>
<Table class="oracle.dbtools.crest.model.design.relational.Table" directorySegmentName="seg_0" id="6624FAED-E005-8A12-B022-4D3E89D95A4F" name="Student">
<createdBy>jailanihar</createdBy>
<createdTime>2025-08-06 02:04:30 UTC</createdTime>
<generatorID>EF560D73-E4C8-90D1-49BF-1ECC2CDE862A</generatorID>
<ownerDesignName>week04</ownerDesignName>
<allowColumnReorder>false</allowColumnReorder>
<existDependencyGenerateInDDl>true</existDependencyGenerateInDDl>
<parsed>true</parsed>
<columns itemClass="oracle.dbtools.crest.model.design.relational.Column">
<Column name="id" id="077E43DC-90A6-303A-FDDF-3F3886FAC981">
<createdBy>jailanihar</createdBy>
<createdTime>2025-08-06 02:04:30 UTC</createdTime>
<generatorID>484C183F-BD43-7651-C26A-5C0203E5F6BD</generatorID>
<ownerDesignName>week04</ownerDesignName>
<useDomainConstraints>false</useDomainConstraints>
<use>1</use>
<logicalDatatype>LOGDT025</logicalDatatype>
<dataTypeSize>9</dataTypeSize>
<ownDataTypeParameters>9,,</ownDataTypeParameters>
<autoIncrementCycle>false</autoIncrementCycle>
</Column>
<Column name="name" id="BE35DF69-9137-05D6-DA49-4D9FDE653C9A">
<createdBy>jailanihar</createdBy>
<createdTime>2025-08-06 02:04:30 UTC</createdTime>
<generatorID>5200AB4F-C212-3B28-904E-45B51319FCA6</generatorID>
<ownerDesignName>week04</ownerDesignName>
<useDomainConstraints>false</useDomainConstraints>
<use>1</use>
<logicalDatatype>LOGDT024</logicalDatatype>
<dataTypeSize>255</dataTypeSize>
<ownDataTypeParameters>255,,</ownDataTypeParameters>
<autoIncrementCycle>false</autoIncrementCycle>
</Column>
<Column name="ic_number" id="60F1891C-748E-61DD-9118-ED1BC28E3914">
<createdBy>jailanihar</createdBy>
<createdTime>2025-08-06 02:04:30 UTC</createdTime>
<generatorID>29D3924A-7868-A0A9-D51B-952718BE056A</generatorID>
<ownerDesignName>week04</ownerDesignName>
<useDomainConstraints>false</useDomainConstraints>
<use>1</use>
<logicalDatatype>LOGDT025</logicalDatatype>
<dataTypeSize>9</dataTypeSize>
<ownDataTypeParameters>9,,</ownDataTypeParameters>
<autoIncrementCycle>false</autoIncrementCycle>
</Column>
<Column name="address" id="3570B81D-828E-BB77-10C1-D1D7A78BD5BF">
<createdBy>jailanihar</createdBy>
<createdTime>2025-08-06 02:04:30 UTC</createdTime>
<generatorID>4489295C-1B69-BC70-7150-F6E66016A57A</generatorID>
<ownerDesignName>week04</ownerDesignName>
<useDomainConstraints>false</useDomainConstraints>
<use>1</use>
<logicalDatatype>LOGDT040</logicalDatatype>
<ownDataTypeParameters>,,</ownDataTypeParameters>
<autoIncrementCycle>false</autoIncrementCycle>
</Column>
<Column name="phone_number1" id="A88E8E98-08AB-86A7-8601-56A694CA89C8">
<createdBy>jailanihar</createdBy>
<createdTime>2025-08-06 02:04:30 UTC</createdTime>
<generatorID>B55D23C5-1B70-2E75-5B70-4C777A281FBD</generatorID>
<ownerDesignName>week04</ownerDesignName>
<useDomainConstraints>false</useDomainConstraints>
<use>1</use>
<logicalDatatype>LOGDT024</logicalDatatype>
<dataTypeSize>50</dataTypeSize>
<ownDataTypeParameters>50,,</ownDataTypeParameters>
<autoIncrementCycle>false</autoIncrementCycle>
</Column>
<Column name="phone_number2" id="832830BF-6D95-FC68-DAF9-D9635A087020">
<createdBy>jailanihar</createdBy>
<createdTime>2025-08-06 02:04:30 UTC</createdTime>
<generatorID>A0B9D451-21FF-6778-3F19-CCE7FE80F802</generatorID>
<ownerDesignName>week04</ownerDesignName>
<nullsAllowed>true</nullsAllowed>
<useDomainConstraints>false</useDomainConstraints>
<use>1</use>
<logicalDatatype>LOGDT024</logicalDatatype>
<dataTypeSize>50</dataTypeSize>
<ownDataTypeParameters>50,,</ownDataTypeParameters>
<autoIncrementCycle>false</autoIncrementCycle>
</Column>
<Column name="Group_code" id="C335E991-16CC-413B-8D3B-C43CB0FCE2B2">
<createdBy>jailanihar</createdBy>
<createdTime>2025-08-06 02:04:30 UTC</createdTime>
<generatorID>090CBC45-95A9-09F0-A331-D3A996D3975D</generatorID>
<ownerDesignName>week04</ownerDesignName>
<useDomainConstraints>false</useDomainConstraints>
<use>1</use>
<logicalDatatype>LOGDT024</logicalDatatype>
<dataTypeSize>10</dataTypeSize>
<ownDataTypeParameters>,,</ownDataTypeParameters>
<previousColumn>false</previousColumn>
<autoIncrementCycle>false</autoIncrementCycle>
<associations>
<colAssociation fkAssociation="0B2D123A-F263-5DFD-7AB9-B132A70E60E0" referredColumn="9AF2E099-3ED3-E3AE-7615-73CDFE0F7607"/>
</associations>
</Column>
</columns>
<indexes itemClass="oracle.dbtools.crest.model.design.relational.Index">
<ind_PK_UK id="D9A5F546-3E90-F13C-89BB-A847BB9CBFF5" name="Student_PK">
<createdBy>jailanihar</createdBy>
<createdTime>2025-08-06 02:04:30 UTC</createdTime>
<generatorID>DC2EE73E-8FB7-489A-5F9F-B88718FEE30A</generatorID>
<ownerDesignName>week04</ownerDesignName>
<pk>true</pk>
<indexState>Primary Constraint</indexState>
<isSurrogateKey>false</isSurrogateKey>
<indexColumnUsage>
<colUsage columnID="077E43DC-90A6-303A-FDDF-3F3886FAC981"/>
</indexColumnUsage>
</ind_PK_UK>
<ind_PK_UK id="82CDEAA9-B1D7-07E0-B970-350F4E6EF7B3" name="Student_ic_number_UN">
<createdBy>jailanihar</createdBy>
<createdTime>2025-08-06 02:04:30 UTC</createdTime>
<generatorID>0BFB6F8E-FF11-EA47-DBA3-1E75A7A0F6E6</generatorID>
<ownerDesignName>week04</ownerDesignName>
<indexState>Unique Constraint</indexState>
<isSurrogateKey>false</isSurrogateKey>
<indexColumnUsage>
<colUsage columnID="60F1891C-748E-61DD-9118-ED1BC28E3914"/>
</indexColumnUsage>
</ind_PK_UK>
<ind_PK_UK id="3F334133-D75C-10DE-A7C0-7BDF9D2CF99A" name="Student_Group_FK">
<createdBy>jailanihar</createdBy>
<createdTime>2025-08-06 02:04:30 UTC</createdTime>
<generatorID>32DE83EB-639C-DEC4-DA2F-F1F03457A762</generatorID>
<ownerDesignName>week04</ownerDesignName>
<indexState>Foreign Key</indexState>
<isSurrogateKey>false</isSurrogateKey>
<indexColumnUsage>
<colUsage columnID="C335E991-16CC-413B-8D3B-C43CB0FCE2B2"/>
</indexColumnUsage>
</ind_PK_UK>
</indexes>
</Table>
