<?xml version = '1.0' encoding = 'UTF-8'?>
<Diagram class="oracle.dbtools.crest.swingui.relational.DPVRelational" name="Relational_1" id="AB04709C-EC92-AC89-6E8F-7A16C5EE9BA4">
<createdBy>jailanihar</createdBy>
<modifiedBy>jailanihar</modifiedBy>
<createdTime>2025-08-23 00:19:21 UTC</createdTime>
<autoRoute>false</autoRoute>
<boxInbox>true</boxInbox>
<showLegend>false</showLegend>
<showLabels>false</showLabels>
<showRelAttributes>false</showRelAttributes>
<gridEnabled>false</gridEnabled>
<showGrid>false</showGrid>
<diagramColor>-1</diagramColor>
<display>false</display>
<notation>1</notation>
<objectViews>
<OView class="oracle.dbtools.crest.swingui.relational.TVTable" oid="76C1C7B4-7896-826E-D14E-B48F66FC2C43" otype="Table" vid="C266436B-CEA1-116D-5BDB-49DF2608A4F2">
<hideElementsInCurrentOnly>false</hideElementsInCurrentOnly>
<bounds x="89" y="280" width="170" height="110"/>
</OView>
<OView class="oracle.dbtools.crest.swingui.relational.TVTable" oid="C6B27B46-F9F4-9BD4-0BE1-57963B3D83B1" otype="Table" vid="49372BB6-E82D-D9CD-51C1-FAD2B04D0EFA">
<hideElementsInCurrentOnly>false</hideElementsInCurrentOnly>
<bounds x="359" y="92" width="170" height="110"/>
</OView>
<OView class="oracle.dbtools.crest.swingui.relational.TVTable" oid="E0E94458-81C4-3EC9-D39A-2FEFB9B7F4E3" otype="Table" vid="75152458-3142-0AC4-4C3F-BAE55D1C3C99">
<hideElementsInCurrentOnly>false</hideElementsInCurrentOnly>
<bounds x="91" y="47" width="170" height="110"/>
</OView>
</objectViews>
<connectors>
<Connector class="oracle.dbtools.crest.swingui.relational.TVFKRelation" oid="2B4BFBFA-FED1-A502-B562-49FC4E92591E" otype="FKIndexAssociation" vid_source="75152458-3142-0AC4-4C3F-BAE55D1C3C99" vid_target="C266436B-CEA1-116D-5BDB-49DF2608A4F2">
<hideElementsInCurrentOnly>false</hideElementsInCurrentOnly>
<backgroundColor>-16777216</backgroundColor>
<lineWidth>1</lineWidth>
<points>
<point x="175" y="157"/>
<point x="175" y="280"/>
</points>
</Connector>
<Connector class="oracle.dbtools.crest.swingui.relational.TVFKRelation" oid="7FFBBC37-6069-90D3-40AE-309FFFAC36E2" otype="FKIndexAssociation" vid_source="75152458-3142-0AC4-4C3F-BAE55D1C3C99" vid_target="49372BB6-E82D-D9CD-51C1-FAD2B04D0EFA">
<hideElementsInCurrentOnly>false</hideElementsInCurrentOnly>
<backgroundColor>-16777216</backgroundColor>
<lineWidth>1</lineWidth>
<points>
<point x="261" y="124"/>
<point x="359" y="124"/>
</points>
</Connector>
</connectors>
</Diagram>