<?xml version = '1.0' encoding = 'UTF-8'?>
<relationalModel class="oracle.dbtools.crest.model.design.relational.RelationalDesign" name="Relational_1" id="96C7C342-A885-73F7-A188-E21C2973FDBF" mainViewID="051AB528-EF3B-8202-66E3-EA0AE710DB7D">
<createdBy>jailanihar</createdBy>
<createdTime>2025-08-20 00:08:29 UTC</createdTime>
<ownerDesignName>week06</ownerDesignName>
<shouldBeOpen>false</shouldBeOpen>
<selectedRDBMSSite>32076570-2523-435C-2E92-BF29817DFF70</selectedRDBMSSite>
</relationalModel>
