<?xml version = '1.0' encoding = 'UTF-8'?>
<Diagram class="oracle.dbtools.crest.swingui.logical.DPVLogical" name="Logical" id="38C63FF8-8213-5BA0-7861-E708482F6563">
<createdBy>jailanihar</createdBy>
<modifiedBy>jailanihar</modifiedBy>
<createdTime>2025-08-02 00:07:26 UTC</createdTime>
<autoRoute>false</autoRoute>
<boxInbox>true</boxInbox>
<showLegend>false</showLegend>
<showLabels>false</showLabels>
<showRelAttributes>false</showRelAttributes>
<gridEnabled>false</gridEnabled>
<showGrid>false</showGrid>
<diagramColor>-1</diagramColor>
<display>false</display>
<notation>1</notation>
<objectViews>
<OView class="oracle.dbtools.crest.swingui.logical.TVEntity" oid="434AF7AE-7CF9-0A6F-B682-0ED8737CAA1C" otype="Entity" vid="9DF5508F-19B2-8ED8-E15E-FA754B6756FE">
<hideElementsInCurrentOnly>false</hideElementsInCurrentOnly>
<bounds x="284" y="179" width="253" height="148"/>
</OView>
<OView class="oracle.dbtools.crest.swingui.logical.TVEntity" oid="53659349-A239-022D-0B37-719FE10B5D40" otype="Entity" vid="15E9B340-D298-548E-5C10-CF9B2C0557E3">
<hideElementsInCurrentOnly>false</hideElementsInCurrentOnly>
<bounds x="618" y="144" width="197" height="145"/>
</OView>
<OView class="oracle.dbtools.crest.swingui.logical.TVEntity" oid="70D16DE6-03C8-D469-3C95-A6CE78B392E9" otype="Entity" vid="3AC9B2CC-4435-4980-1B4F-7AB9C499A4A9">
<hideElementsInCurrentOnly>false</hideElementsInCurrentOnly>
<bounds x="268" y="24" width="170" height="110"/>
</OView>
<OView class="oracle.dbtools.crest.swingui.logical.TVEntity" oid="99EE10F0-EC72-0899-57D9-FC6A7853D32D" otype="Entity" vid="9449BD60-B194-81BB-03B2-6920C53B9F62">
<hideElementsInCurrentOnly>false</hideElementsInCurrentOnly>
<bounds x="29" y="49" width="170" height="110"/>
</OView>
<OView class="oracle.dbtools.crest.swingui.logical.TVEntity" oid="D8F3D5F5-2BA8-34E4-B730-18D89C661E31" otype="Entity" vid="53854757-7ADF-920B-31F5-8CD6D92F39D3">
<hideElementsInCurrentOnly>false</hideElementsInCurrentOnly>
<bounds x="49" y="232" width="170" height="110"/>
</OView>
<OView class="oracle.dbtools.crest.swingui.logical.TVEntity" oid="E3C0F102-37DC-9E44-8510-0880A2667AC8" otype="Entity" vid="4A93FBCE-94C4-1F24-150A-C36A337250D0">
<hideElementsInCurrentOnly>false</hideElementsInCurrentOnly>
<bounds x="304" y="371" width="170" height="110"/>
</OView>
</objectViews>
<connectors>
<Connector class="oracle.dbtools.crest.swingui.logical.TVRelation" oid="229A6288-5676-BFE1-0E12-1B76EEFBEDCE" otype="Relation" vid_source="3AC9B2CC-4435-4980-1B4F-7AB9C499A4A9" vid_target="9DF5508F-19B2-8ED8-E15E-FA754B6756FE">
<hideElementsInCurrentOnly>false</hideElementsInCurrentOnly>
<backgroundColor>-16777216</backgroundColor>
<lineWidth>1</lineWidth>
<points>
<point x="361" y="134"/>
<point x="361" y="179"/>
</points>
</Connector>
<Connector class="oracle.dbtools.crest.swingui.logical.TVRelation" oid="26FEC1FE-14C4-6DA1-B807-88352B32AC10" otype="Relation" vid_source="15E9B340-D298-548E-5C10-CF9B2C0557E3" vid_target="15E9B340-D298-548E-5C10-CF9B2C0557E3">
<hideElementsInCurrentOnly>false</hideElementsInCurrentOnly>
<backgroundColor>-16777216</backgroundColor>
<lineWidth>1</lineWidth>
<points>
<point x="815" y="229"/>
<point x="865" y="229"/>
<point x="865" y="339"/>
<point x="733" y="339"/>
<point x="733" y="289"/>
</points>
</Connector>
<Connector class="oracle.dbtools.crest.swingui.logical.TVRelation" oid="27245BC5-B413-E0BF-32A3-89BDAF95B754" otype="Relation" vid_source="15E9B340-D298-548E-5C10-CF9B2C0557E3" vid_target="9DF5508F-19B2-8ED8-E15E-FA754B6756FE">
<hideElementsInCurrentOnly>false</hideElementsInCurrentOnly>
<backgroundColor>-16777216</backgroundColor>
<lineWidth>1</lineWidth>
<points>
<point x="618" y="234"/>
<point x="537" y="234"/>
</points>
</Connector>
<Connector class="oracle.dbtools.crest.swingui.logical.TVRelation" oid="594BF5EF-F8B2-F734-CA87-55CBEC7664C9" otype="Relation" vid_source="53854757-7ADF-920B-31F5-8CD6D92F39D3" vid_target="9449BD60-B194-81BB-03B2-6920C53B9F62">
<hideElementsInCurrentOnly>false</hideElementsInCurrentOnly>
<backgroundColor>-16777216</backgroundColor>
<lineWidth>1</lineWidth>
<points>
<point x="124" y="232"/>
<point x="124" y="159"/>
</points>
</Connector>
<Connector class="oracle.dbtools.crest.swingui.logical.TVRelation" oid="97BA0EDE-87B2-465E-C71C-035C818A1597" otype="Relation" vid_source="9449BD60-B194-81BB-03B2-6920C53B9F62" vid_target="53854757-7ADF-920B-31F5-8CD6D92F39D3">
<hideElementsInCurrentOnly>false</hideElementsInCurrentOnly>
<backgroundColor>-16777216</backgroundColor>
<lineWidth>1</lineWidth>
<points>
<point x="124" y="159"/>
<point x="124" y="232"/>
</points>
</Connector>
<Connector class="oracle.dbtools.crest.swingui.logical.TVRelation" oid="E4D96A68-7DB2-B013-40FF-8A85F554A6C8" otype="Relation" vid_source="4A93FBCE-94C4-1F24-150A-C36A337250D0" vid_target="9DF5508F-19B2-8ED8-E15E-FA754B6756FE">
<hideElementsInCurrentOnly>false</hideElementsInCurrentOnly>
<backgroundColor>-16777216</backgroundColor>
<lineWidth>1</lineWidth>
<points>
<point x="389" y="371"/>
<point x="389" y="327"/>
</points>
</Connector>
<Connector class="oracle.dbtools.crest.swingui.logical.TVRelation" oid="F91ACEDA-35DF-BE29-59C8-F59EC6B7827E" otype="Relation" vid_source="3AC9B2CC-4435-4980-1B4F-7AB9C499A4A9" vid_target="9449BD60-B194-81BB-03B2-6920C53B9F62">
<hideElementsInCurrentOnly>false</hideElementsInCurrentOnly>
<backgroundColor>-16777216</backgroundColor>
<lineWidth>1</lineWidth>
<points>
<point x="268" y="91"/>
<point x="199" y="91"/>
</points>
</Connector>
</connectors>
</Diagram>
