<?xml version = '1.0' encoding = 'UTF-8'?>
<Entity class="oracle.dbtools.crest.model.design.logical.Entity" directorySegmentName="seg_0" id="EC1567A1-0E85-E9AB-62A1-E29EBD2A1F8D" name="Group">
<createdBy>jailanihar</createdBy>
<createdTime>2025-08-02 01:49:07 UTC</createdTime>
<ownerDesignName>week03</ownerDesignName>
<engineerTo>
<item key="51139317-D63D-19BE-A19E-983C54094FD1" value="true"/>
</engineerTo>
<adequatelyNormalized>NO</adequatelyNormalized>
<expectedVolumes>0</expectedVolumes>
<fwdEngineeringStrategyName>Single Table</fwdEngineeringStrategyName>
<growthPercent>0</growthPercent>
<growthType>Year</growthType>
<maxVolumes>9999999</maxVolumes>
<minVolumes>0</minVolumes>
<normalForm>Third</normalForm>
<attributes itemClass="oracle.dbtools.crest.model.design.logical.Attribute">
<Attribute name="code" id="93F70FB4-2574-4063-C12A-4A866BEC579B">
<createdBy>jailanihar</createdBy>
<createdTime>2025-08-02 01:49:45 UTC</createdTime>
<ownerDesignName>week03</ownerDesignName>
<engineerTo>
<item key="51139317-D63D-19BE-A19E-983C54094FD1" value="true"/>
</engineerTo>
<useDomainConstraints>false</useDomainConstraints>
<use>1</use>
<logicalDatatype>LOGDT024</logicalDatatype>
<dataTypeSize>10</dataTypeSize>
<ownDataTypeParameters>10,,</ownDataTypeParameters>
</Attribute>
<Attribute name="description" id="881C7D1A-9DA4-FBEC-7644-02D5B172DE02">
<createdBy>jailanihar</createdBy>
<createdTime>2025-08-02 01:51:14 UTC</createdTime>
<ownerDesignName>week03</ownerDesignName>
<engineerTo>
<item key="51139317-D63D-19BE-A19E-983C54094FD1" value="true"/>
</engineerTo>
<useDomainConstraints>false</useDomainConstraints>
<use>1</use>
<logicalDatatype>LOGDT024</logicalDatatype>
<dataTypeSize>255</dataTypeSize>
<ownDataTypeParameters>255,,</ownDataTypeParameters>
</Attribute>
<Attribute name="school" id="7CED4564-146B-C675-050F-2A926FB29E30">
<createdBy>jailanihar</createdBy>
<createdTime>2025-08-02 01:52:03 UTC</createdTime>
<ownerDesignName>week03</ownerDesignName>
<engineerTo>
<item key="51139317-D63D-19BE-A19E-983C54094FD1" value="true"/>
</engineerTo>
<useDomainConstraints>false</useDomainConstraints>
<use>1</use>
<logicalDatatype>LOGDT024</logicalDatatype>
<dataTypeSize>255</dataTypeSize>
<ownDataTypeParameters>255,,</ownDataTypeParameters>
</Attribute>
<Attribute name="intake" id="51A97CF3-83F9-B1BE-B34D-5A0817670F2A">
<createdBy>jailanihar</createdBy>
<createdTime>2025-08-02 01:52:30 UTC</createdTime>
<ownerDesignName>week03</ownerDesignName>
<engineerTo>
<item key="51139317-D63D-19BE-A19E-983C54094FD1" value="true"/>
</engineerTo>
<useDomainConstraints>false</useDomainConstraints>
<use>1</use>
<logicalDatatype>LOGDT011</logicalDatatype>
<ownDataTypeParameters>,,</ownDataTypeParameters>
</Attribute>
</attributes>
<identifiers itemClass="oracle.dbtools.crest.model.design.logical.CandidateKey">
<identifier id="BC530872-848F-187F-63BA-CAC645FED055" name="Group PK">
<createdBy>jailanihar</createdBy>
<createdTime>2025-08-02 01:50:37 UTC</createdTime>
<ownerDesignName>week03</ownerDesignName>
<engineerTo>
<item key="51139317-D63D-19BE-A19E-983C54094FD1" value="true"/>
</engineerTo>
<pk>true</pk>
<usedAttributes>
<attributeRef>93F70FB4-2574-4063-C12A-4A866BEC579B</attributeRef>
</usedAttributes>
</identifier>
</identifiers>
</Entity>