<?xml version = '1.0' encoding = 'UTF-8'?>
<Table class="oracle.dbtools.crest.model.design.relational.Table" directorySegmentName="seg_0" id="076EF655-B40E-A34E-C424-B32BE0D4431B" name="Lecturer">
<createdBy>jailanihar</createdBy>
<createdTime>2025-08-16 00:33:51 UTC</createdTime>
<generatorID>5D0C83AD-3FD8-65BD-B8E3-50BE57C5113E</generatorID>
<ownerDesignName>week05</ownerDesignName>
<allowColumnReorder>false</allowColumnReorder>
<existDependencyGenerateInDDl>true</existDependencyGenerateInDDl>
<parsed>true</parsed>
<columns itemClass="oracle.dbtools.crest.model.design.relational.Column">
<Column name="id" id="C99BBA09-8CFE-7B8E-CE8E-C1B3DF156701">
<createdBy>jailanihar</createdBy>
<createdTime>2025-08-16 00:33:51 UTC</createdTime>
<generatorID>D74CAC1E-EECF-E332-2D81-C0EC05A47095</generatorID>
<ownerDesignName>week05</ownerDesignName>
<useDomainConstraints>false</useDomainConstraints>
<use>1</use>
<logicalDatatype>LOGDT011</logicalDatatype>
<ownDataTypeParameters>,,</ownDataTypeParameters>
<autoIncrementCycle>false</autoIncrementCycle>
</Column>
<Column name="name" id="E00AD1F7-13DA-3A43-E890-D6B47DA261A4">
<createdBy>jailanihar</createdBy>
<createdTime>2025-08-16 00:33:51 UTC</createdTime>
<generatorID>B69FAF1B-0D9E-E6E3-74AA-246FEC45DD47</generatorID>
<ownerDesignName>week05</ownerDesignName>
<useDomainConstraints>false</useDomainConstraints>
<use>1</use>
<logicalDatatype>LOGDT024</logicalDatatype>
<dataTypeSize>255</dataTypeSize>
<ownDataTypeParameters>255,,</ownDataTypeParameters>
<autoIncrementCycle>false</autoIncrementCycle>
</Column>
<Column name="school" id="978DF8ED-640B-6201-7D38-E3FE1B87F4DA">
<createdBy>jailanihar</createdBy>
<createdTime>2025-08-16 00:33:51 UTC</createdTime>
<generatorID>E8284638-4296-A458-EEB8-6F655769B1E6</generatorID>
<ownerDesignName>week05</ownerDesignName>
<useDomainConstraints>false</useDomainConstraints>
<use>1</use>
<logicalDatatype>LOGDT024</logicalDatatype>
<dataTypeSize>255</dataTypeSize>
<ownDataTypeParameters>255,,</ownDataTypeParameters>
<autoIncrementCycle>false</autoIncrementCycle>
</Column>
<Column name="manager_id" id="B578427B-83F0-9ADE-D6DB-BFE9E9E1F435">
<createdBy>jailanihar</createdBy>
<createdTime>2025-08-16 00:33:51 UTC</createdTime>
<generatorID>7A2C42A7-A74A-1D0D-FA6C-691CD095B04B</generatorID>
<ownerDesignName>week05</ownerDesignName>
<useDomainConstraints>false</useDomainConstraints>
<use>1</use>
<logicalDatatype>LOGDT011</logicalDatatype>
<ownDataTypeParameters>,,</ownDataTypeParameters>
<previousColumn>false</previousColumn>
<autoIncrementCycle>false</autoIncrementCycle>
<associations>
<colAssociation fkAssociation="94CCB973-4167-77D3-42AA-39036FC1D509" referredColumn="C99BBA09-8CFE-7B8E-CE8E-C1B3DF156701"/>
</associations>
</Column>
</columns>
<indexes itemClass="oracle.dbtools.crest.model.design.relational.Index">
<ind_PK_UK id="38EA5574-7341-59F2-28A3-6E926C82497D" name="Lecturer_PK">
<createdBy>jailanihar</createdBy>
<createdTime>2025-08-16 00:33:51 UTC</createdTime>
<generatorID>1BC37217-5268-03D5-D1AF-54A28832C67B</generatorID>
<ownerDesignName>week05</ownerDesignName>
<pk>true</pk>
<indexState>Primary Constraint</indexState>
<isSurrogateKey>false</isSurrogateKey>
<indexColumnUsage>
<colUsage columnID="C99BBA09-8CFE-7B8E-CE8E-C1B3DF156701"/>
</indexColumnUsage>
</ind_PK_UK>
<ind_PK_UK id="5BBF1DC4-BD8A-C44F-7FB3-E39A08946650" name="Lecturer_Lecturer_FK">
<createdBy>jailanihar</createdBy>
<createdTime>2025-08-16 00:33:51 UTC</createdTime>
<generatorID>782CACDE-4E9F-ED7D-E6DA-2374AEE29EBF</generatorID>
<ownerDesignName>week05</ownerDesignName>
<indexState>Foreign Key</indexState>
<isSurrogateKey>false</isSurrogateKey>
<indexColumnUsage>
<colUsage columnID="B578427B-83F0-9ADE-D6DB-BFE9E9E1F435"/>
</indexColumnUsage>
</ind_PK_UK>
</indexes>
</Table>
