<?xml version = '1.0' encoding = 'UTF-8'?>
<Table class="oracle.dbtools.crest.model.design.relational.Table" directorySegmentName="seg_0" id="460D8964-45CC-CD7E-E422-38653282E74E" name="Next_Of_Kin">
<createdBy>jailanihar</createdBy>
<createdTime>2025-08-13 01:34:48 UTC</createdTime>
<generatorID>7FA2D9E5-8433-B7A7-35A2-E69766832C16</generatorID>
<ownerDesignName>week05</ownerDesignName>
<allowColumnReorder>false</allowColumnReorder>
<existDependencyGenerateInDDl>true</existDependencyGenerateInDDl>
<parsed>true</parsed>
<columns itemClass="oracle.dbtools.crest.model.design.relational.Column">
<Column name="id" id="FFA90A30-CD55-8B5E-43C7-1A074B6E60BD">
<createdBy>jailanihar</createdBy>
<createdTime>2025-08-13 01:34:48 UTC</createdTime>
<generatorID>FEA5D1FE-4BEF-DBD3-8393-17CF6E46376A</generatorID>
<ownerDesignName>week05</ownerDesignName>
<useDomainConstraints>false</useDomainConstraints>
<use>1</use>
<logicalDatatype>LOGDT011</logicalDatatype>
<ownDataTypeParameters>,,</ownDataTypeParameters>
<autoIncrementCycle>false</autoIncrementCycle>
</Column>
<Column name="name" id="A3A70FBC-E808-E5E6-0F3A-9460BB25B223">
<createdBy>jailanihar</createdBy>
<createdTime>2025-08-13 01:34:48 UTC</createdTime>
<generatorID>CFD03E1C-B036-200C-CB09-B51ED2B40567</generatorID>
<ownerDesignName>week05</ownerDesignName>
<useDomainConstraints>false</useDomainConstraints>
<use>1</use>
<logicalDatatype>LOGDT024</logicalDatatype>
<dataTypeSize>255</dataTypeSize>
<ownDataTypeParameters>255,,</ownDataTypeParameters>
<autoIncrementCycle>false</autoIncrementCycle>
</Column>
<Column name="relation" id="172E54A8-2A1F-4391-0DF2-803E7ED00A33">
<createdBy>jailanihar</createdBy>
<createdTime>2025-08-13 01:34:48 UTC</createdTime>
<generatorID>616C85DE-ACE7-9EAE-5162-8F75D9F97FF1</generatorID>
<ownerDesignName>week05</ownerDesignName>
<useDomainConstraints>false</useDomainConstraints>
<use>1</use>
<logicalDatatype>LOGDT024</logicalDatatype>
<dataTypeSize>255</dataTypeSize>
<ownDataTypeParameters>255,,</ownDataTypeParameters>
<autoIncrementCycle>false</autoIncrementCycle>
</Column>
<Column name="phone_number" id="7E2D0C62-5B4D-5622-F7BE-C7DE4A2264F4">
<createdBy>jailanihar</createdBy>
<createdTime>2025-08-13 01:34:48 UTC</createdTime>
<generatorID>32330F30-9B21-150B-DB1A-1622E2F6EA86</generatorID>
<ownerDesignName>week05</ownerDesignName>
<useDomainConstraints>false</useDomainConstraints>
<use>1</use>
<logicalDatatype>LOGDT024</logicalDatatype>
<dataTypeSize>255</dataTypeSize>
<ownDataTypeParameters>255,,</ownDataTypeParameters>
<autoIncrementCycle>false</autoIncrementCycle>
</Column>
<Column name="Student_id" id="97D5D9F8-F7E2-FF37-7435-B92331DA3E07">
<createdBy>jailanihar</createdBy>
<createdTime>2025-08-13 01:34:48 UTC</createdTime>
<generatorID>1D52159D-D81F-3A3E-6DB2-AF716ED34D0B</generatorID>
<ownerDesignName>week05</ownerDesignName>
<useDomainConstraints>false</useDomainConstraints>
<use>1</use>
<logicalDatatype>LOGDT025</logicalDatatype>
<dataTypeSize>9</dataTypeSize>
<ownDataTypeParameters>,,</ownDataTypeParameters>
<previousColumn>false</previousColumn>
<autoIncrementCycle>false</autoIncrementCycle>
<associations>
<colAssociation fkAssociation="6A183007-A99B-40F9-A902-841E1386B78F" referredColumn="1A88B60E-20A3-FF39-FA95-360BA6E0FFA4"/>
</associations>
</Column>
</columns>
<indexes itemClass="oracle.dbtools.crest.model.design.relational.Index">
<ind_PK_UK id="CEB1858D-55B3-C233-3D0A-91BDD116EF22" name="Next_Of_Kin_PK">
<createdBy>jailanihar</createdBy>
<createdTime>2025-08-13 01:34:48 UTC</createdTime>
<generatorID>64D3CCD6-85F1-A021-884C-F7AA2F34B74B</generatorID>
<ownerDesignName>week05</ownerDesignName>
<pk>true</pk>
<indexState>Primary Constraint</indexState>
<isSurrogateKey>false</isSurrogateKey>
<indexColumnUsage>
<colUsage columnID="FFA90A30-CD55-8B5E-43C7-1A074B6E60BD"/>
</indexColumnUsage>
</ind_PK_UK>
<ind_PK_UK id="E469FD48-D6F9-9BA7-BF93-7DEB7E3B1A24" name="Next_Of_Kin__IDX">
<createdBy>jailanihar</createdBy>
<createdTime>2025-08-13 01:34:48 UTC</createdTime>
<ownerDesignName>week05</ownerDesignName>
<indexState>Unique Plain Index</indexState>
<isSurrogateKey>false</isSurrogateKey>
<relationGeneratorID>7FF21313-7C17-1E63-8FE1-05FD1E1A5820</relationGeneratorID>
<indexColumnUsage>
<colUsage columnID="97D5D9F8-F7E2-FF37-7435-B92331DA3E07"/>
</indexColumnUsage>
</ind_PK_UK>
<ind_PK_UK id="23ED677F-9C31-9208-0FD1-FF54AC67F94A" name="Next_Of_Kin_Student_FK">
<createdBy>jailanihar</createdBy>
<createdTime>2025-08-13 01:34:48 UTC</createdTime>
<generatorID>7FF21313-7C17-1E63-8FE1-05FD1E1A5820</generatorID>
<ownerDesignName>week05</ownerDesignName>
<indexState>Foreign Key</indexState>
<isSurrogateKey>false</isSurrogateKey>
<indexColumnUsage>
<colUsage columnID="97D5D9F8-F7E2-FF37-7435-B92331DA3E07"/>
</indexColumnUsage>
</ind_PK_UK>
</indexes>
</Table>
