<?xml version = '1.0' encoding = 'UTF-8'?>
<Table class="oracle.dbtools.crest.model.design.relational.Table" directorySegmentName="seg_0" id="582F8ED9-99F5-AE65-ECDB-0CB398B62EC5" name="Student">
<createdBy>jailanihar</createdBy>
<createdTime>2025-08-13 01:34:48 UTC</createdTime>
<generatorID>EF560D73-E4C8-90D1-49BF-1ECC2CDE862A</generatorID>
<ownerDesignName>week05</ownerDesignName>
<allowColumnReorder>false</allowColumnReorder>
<existDependencyGenerateInDDl>true</existDependencyGenerateInDDl>
<parsed>true</parsed>
<columns itemClass="oracle.dbtools.crest.model.design.relational.Column">
<Column name="id" id="1A88B60E-20A3-FF39-FA95-360BA6E0FFA4">
<createdBy>jailanihar</createdBy>
<createdTime>2025-08-13 01:34:48 UTC</createdTime>
<generatorID>484C183F-BD43-7651-C26A-5C0203E5F6BD</generatorID>
<ownerDesignName>week05</ownerDesignName>
<useDomainConstraints>false</useDomainConstraints>
<use>1</use>
<logicalDatatype>LOGDT025</logicalDatatype>
<dataTypeSize>9</dataTypeSize>
<ownDataTypeParameters>9,,</ownDataTypeParameters>
<autoIncrementCycle>false</autoIncrementCycle>
</Column>
<Column name="name" id="524C3F1F-46F4-D041-AA96-731A6FCC1096">
<createdBy>jailanihar</createdBy>
<createdTime>2025-08-13 01:34:48 UTC</createdTime>
<generatorID>5200AB4F-C212-3B28-904E-45B51319FCA6</generatorID>
<ownerDesignName>week05</ownerDesignName>
<useDomainConstraints>false</useDomainConstraints>
<use>1</use>
<logicalDatatype>LOGDT024</logicalDatatype>
<dataTypeSize>255</dataTypeSize>
<ownDataTypeParameters>255,,</ownDataTypeParameters>
<autoIncrementCycle>false</autoIncrementCycle>
</Column>
<Column name="ic_number" id="823BB046-4AAC-F3D8-4F3A-9299E1710701">
<createdBy>jailanihar</createdBy>
<createdTime>2025-08-13 01:34:48 UTC</createdTime>
<generatorID>29D3924A-7868-A0A9-D51B-952718BE056A</generatorID>
<ownerDesignName>week05</ownerDesignName>
<useDomainConstraints>false</useDomainConstraints>
<use>1</use>
<logicalDatatype>LOGDT025</logicalDatatype>
<dataTypeSize>9</dataTypeSize>
<ownDataTypeParameters>9,,</ownDataTypeParameters>
<autoIncrementCycle>false</autoIncrementCycle>
</Column>
<Column name="address" id="6784599F-6A24-CD74-93AD-74613D94DE14">
<createdBy>jailanihar</createdBy>
<createdTime>2025-08-13 01:34:48 UTC</createdTime>
<generatorID>4489295C-1B69-BC70-7150-F6E66016A57A</generatorID>
<ownerDesignName>week05</ownerDesignName>
<useDomainConstraints>false</useDomainConstraints>
<use>1</use>
<logicalDatatype>LOGDT040</logicalDatatype>
<ownDataTypeParameters>,,</ownDataTypeParameters>
<autoIncrementCycle>false</autoIncrementCycle>
</Column>
<Column name="phone_number1" id="FE5FFDB4-6147-1017-E128-26611B92DA71">
<createdBy>jailanihar</createdBy>
<createdTime>2025-08-13 01:34:48 UTC</createdTime>
<generatorID>B55D23C5-1B70-2E75-5B70-4C777A281FBD</generatorID>
<ownerDesignName>week05</ownerDesignName>
<useDomainConstraints>false</useDomainConstraints>
<use>1</use>
<logicalDatatype>LOGDT024</logicalDatatype>
<dataTypeSize>50</dataTypeSize>
<ownDataTypeParameters>50,,</ownDataTypeParameters>
<autoIncrementCycle>false</autoIncrementCycle>
</Column>
<Column name="phone_number2" id="F18F0A9E-8D66-0E0C-78B8-ABF931BF372C">
<createdBy>jailanihar</createdBy>
<createdTime>2025-08-13 01:34:48 UTC</createdTime>
<generatorID>A0B9D451-21FF-6778-3F19-CCE7FE80F802</generatorID>
<ownerDesignName>week05</ownerDesignName>
<nullsAllowed>true</nullsAllowed>
<useDomainConstraints>false</useDomainConstraints>
<use>1</use>
<logicalDatatype>LOGDT024</logicalDatatype>
<dataTypeSize>50</dataTypeSize>
<ownDataTypeParameters>50,,</ownDataTypeParameters>
<autoIncrementCycle>false</autoIncrementCycle>
</Column>
<Column name="Group_code" id="220F4B10-CB29-5E84-828A-5A05164DC770">
<createdBy>jailanihar</createdBy>
<createdTime>2025-08-13 01:34:48 UTC</createdTime>
<generatorID>090CBC45-95A9-09F0-A331-D3A996D3975D</generatorID>
<ownerDesignName>week05</ownerDesignName>
<useDomainConstraints>false</useDomainConstraints>
<use>1</use>
<logicalDatatype>LOGDT024</logicalDatatype>
<dataTypeSize>10</dataTypeSize>
<ownDataTypeParameters>,,</ownDataTypeParameters>
<previousColumn>false</previousColumn>
<autoIncrementCycle>false</autoIncrementCycle>
<associations>
<colAssociation fkAssociation="6AC8386D-671C-B7F8-D136-A557B139AC26" referredColumn="25E589D4-0D1A-89F8-77AB-9189F6EB7139"/>
</associations>
</Column>
<Column name="Next_Of_Kin_id" id="35B15C58-7FD2-ECF4-1734-286C54FED009">
<createdBy>jailanihar</createdBy>
<createdTime>2025-08-13 01:34:48 UTC</createdTime>
<generatorID>EA5B5A56-BD9A-8416-1E2E-3E37E79213C6</generatorID>
<ownerDesignName>week05</ownerDesignName>
<useDomainConstraints>false</useDomainConstraints>
<use>1</use>
<logicalDatatype>LOGDT011</logicalDatatype>
<ownDataTypeParameters>,,</ownDataTypeParameters>
<previousColumn>false</previousColumn>
<autoIncrementCycle>false</autoIncrementCycle>
<associations>
<colAssociation fkAssociation="19DAD025-EAC1-FF0A-03E7-661C845B9F4C" referredColumn="FFA90A30-CD55-8B5E-43C7-1A074B6E60BD"/>
</associations>
</Column>
</columns>
<indexes itemClass="oracle.dbtools.crest.model.design.relational.Index">
<ind_PK_UK id="43B95F9A-AFF7-9CBD-FC0D-75BB934DAFC8" name="Student_PK">
<createdBy>jailanihar</createdBy>
<createdTime>2025-08-13 01:34:48 UTC</createdTime>
<generatorID>DC2EE73E-8FB7-489A-5F9F-B88718FEE30A</generatorID>
<ownerDesignName>week05</ownerDesignName>
<pk>true</pk>
<indexState>Primary Constraint</indexState>
<isSurrogateKey>false</isSurrogateKey>
<indexColumnUsage>
<colUsage columnID="1A88B60E-20A3-FF39-FA95-360BA6E0FFA4"/>
</indexColumnUsage>
</ind_PK_UK>
<ind_PK_UK id="EF84B67B-DF58-FF7B-A25F-03AED985F4AF" name="Student_ic_number_UN">
<createdBy>jailanihar</createdBy>
<createdTime>2025-08-13 01:34:48 UTC</createdTime>
<generatorID>0BFB6F8E-FF11-EA47-DBA3-1E75A7A0F6E6</generatorID>
<ownerDesignName>week05</ownerDesignName>
<indexState>Unique Constraint</indexState>
<isSurrogateKey>false</isSurrogateKey>
<indexColumnUsage>
<colUsage columnID="823BB046-4AAC-F3D8-4F3A-9299E1710701"/>
</indexColumnUsage>
</ind_PK_UK>
<ind_PK_UK id="5C2B0E3D-9E3C-FEE7-1168-8EB3493E5202" name="Student__IDX">
<createdBy>jailanihar</createdBy>
<createdTime>2025-08-13 01:34:48 UTC</createdTime>
<ownerDesignName>week05</ownerDesignName>
<indexState>Unique Plain Index</indexState>
<isSurrogateKey>false</isSurrogateKey>
<relationGeneratorID>7FF21313-7C17-1E63-8FE1-05FD1E1A5820</relationGeneratorID>
<indexColumnUsage>
<colUsage columnID="35B15C58-7FD2-ECF4-1734-286C54FED009"/>
</indexColumnUsage>
</ind_PK_UK>
<ind_PK_UK id="CE0B3645-CEDC-B5C4-398B-C6AACACCAF0D" name="Student_Group_FK">
<createdBy>jailanihar</createdBy>
<createdTime>2025-08-13 01:34:48 UTC</createdTime>
<generatorID>32DE83EB-639C-DEC4-DA2F-F1F03457A762</generatorID>
<ownerDesignName>week05</ownerDesignName>
<indexState>Foreign Key</indexState>
<isSurrogateKey>false</isSurrogateKey>
<indexColumnUsage>
<colUsage columnID="220F4B10-CB29-5E84-828A-5A05164DC770"/>
</indexColumnUsage>
</ind_PK_UK>
<ind_PK_UK id="AD746DBE-6D66-D020-4234-14D4A3F3A3BD" name="Student_Next_Of_Kin_FK">
<createdBy>jailanihar</createdBy>
<createdTime>2025-08-13 01:34:48 UTC</createdTime>
<generatorID>7FF21313-7C17-1E63-8FE1-05FD1E1A5820</generatorID>
<ownerDesignName>week05</ownerDesignName>
<indexState>Foreign Key</indexState>
<isSurrogateKey>false</isSurrogateKey>
<indexColumnUsage>
<colUsage columnID="35B15C58-7FD2-ECF4-1734-286C54FED009"/>
</indexColumnUsage>
</ind_PK_UK>
</indexes>
</Table>
