<?xml version = '1.0' encoding = 'UTF-8'?>
<Table class="oracle.dbtools.crest.model.design.relational.Table" directorySegmentName="seg_0" id="6625180D-DF6A-7670-E4BC-1D073E32E4F2" name="Next_Of_Kin">
<createdBy>jailanihar</createdBy>
<createdTime>2025-08-16 00:33:51 UTC</createdTime>
<generatorID>7FA2D9E5-8433-B7A7-35A2-E69766832C16</generatorID>
<ownerDesignName>week05</ownerDesignName>
<allowColumnReorder>false</allowColumnReorder>
<existDependencyGenerateInDDl>true</existDependencyGenerateInDDl>
<parsed>true</parsed>
<columns itemClass="oracle.dbtools.crest.model.design.relational.Column">
<Column name="id" id="32D924F0-FA39-FF7E-967B-B2FB3A8AC36D">
<createdBy>jailanihar</createdBy>
<createdTime>2025-08-16 00:33:51 UTC</createdTime>
<generatorID>FEA5D1FE-4BEF-DBD3-8393-17CF6E46376A</generatorID>
<ownerDesignName>week05</ownerDesignName>
<useDomainConstraints>false</useDomainConstraints>
<use>1</use>
<logicalDatatype>LOGDT011</logicalDatatype>
<ownDataTypeParameters>,,</ownDataTypeParameters>
<autoIncrementCycle>false</autoIncrementCycle>
</Column>
<Column name="name" id="0B3B1164-763D-0CB4-8895-6021BE7A3822">
<createdBy>jailanihar</createdBy>
<createdTime>2025-08-16 00:33:51 UTC</createdTime>
<generatorID>CFD03E1C-B036-200C-CB09-B51ED2B40567</generatorID>
<ownerDesignName>week05</ownerDesignName>
<useDomainConstraints>false</useDomainConstraints>
<use>1</use>
<logicalDatatype>LOGDT024</logicalDatatype>
<dataTypeSize>255</dataTypeSize>
<ownDataTypeParameters>255,,</ownDataTypeParameters>
<autoIncrementCycle>false</autoIncrementCycle>
</Column>
<Column name="relation" id="F4EF159B-1E17-7469-27C2-CC7FB3253F40">
<createdBy>jailanihar</createdBy>
<createdTime>2025-08-16 00:33:51 UTC</createdTime>
<generatorID>616C85DE-ACE7-9EAE-5162-8F75D9F97FF1</generatorID>
<ownerDesignName>week05</ownerDesignName>
<useDomainConstraints>false</useDomainConstraints>
<use>1</use>
<logicalDatatype>LOGDT024</logicalDatatype>
<dataTypeSize>255</dataTypeSize>
<ownDataTypeParameters>255,,</ownDataTypeParameters>
<autoIncrementCycle>false</autoIncrementCycle>
</Column>
<Column name="phone_number" id="7B5D986D-49A6-9335-D8FA-0B797741284D">
<createdBy>jailanihar</createdBy>
<createdTime>2025-08-16 00:33:51 UTC</createdTime>
<generatorID>32330F30-9B21-150B-DB1A-1622E2F6EA86</generatorID>
<ownerDesignName>week05</ownerDesignName>
<useDomainConstraints>false</useDomainConstraints>
<use>1</use>
<logicalDatatype>LOGDT024</logicalDatatype>
<dataTypeSize>255</dataTypeSize>
<ownDataTypeParameters>255,,</ownDataTypeParameters>
<autoIncrementCycle>false</autoIncrementCycle>
</Column>
<Column name="Student_id" id="A08CB287-D7F0-E122-E4A6-B4BEDD5540BA">
<createdBy>jailanihar</createdBy>
<createdTime>2025-08-16 00:33:51 UTC</createdTime>
<generatorID>1D52159D-D81F-3A3E-6DB2-AF716ED34D0B</generatorID>
<ownerDesignName>week05</ownerDesignName>
<useDomainConstraints>false</useDomainConstraints>
<use>1</use>
<logicalDatatype>LOGDT025</logicalDatatype>
<dataTypeSize>9</dataTypeSize>
<ownDataTypeParameters>,,</ownDataTypeParameters>
<previousColumn>false</previousColumn>
<autoIncrementCycle>false</autoIncrementCycle>
<associations>
<colAssociation fkAssociation="354E2D3C-73FA-D4BA-D169-7A7BEDB10E9F" referredColumn="7F39AE25-0589-4A3D-47D5-622BFB111BC0"/>
</associations>
</Column>
</columns>
<indexes itemClass="oracle.dbtools.crest.model.design.relational.Index">
<ind_PK_UK id="3BF70650-BE2D-2796-AF4B-50ABC6CB2A78" name="Next_Of_Kin_PK">
<createdBy>jailanihar</createdBy>
<createdTime>2025-08-16 00:33:51 UTC</createdTime>
<generatorID>64D3CCD6-85F1-A021-884C-F7AA2F34B74B</generatorID>
<ownerDesignName>week05</ownerDesignName>
<pk>true</pk>
<indexState>Primary Constraint</indexState>
<isSurrogateKey>false</isSurrogateKey>
<indexColumnUsage>
<colUsage columnID="32D924F0-FA39-FF7E-967B-B2FB3A8AC36D"/>
</indexColumnUsage>
</ind_PK_UK>
<ind_PK_UK id="83EE1939-8113-4971-E8C7-AE401374CEEA" name="Next_Of_Kin__IDX">
<createdBy>jailanihar</createdBy>
<createdTime>2025-08-16 00:33:51 UTC</createdTime>
<ownerDesignName>week05</ownerDesignName>
<indexState>Unique Plain Index</indexState>
<isSurrogateKey>false</isSurrogateKey>
<relationGeneratorID>7FF21313-7C17-1E63-8FE1-05FD1E1A5820</relationGeneratorID>
<indexColumnUsage>
<colUsage columnID="A08CB287-D7F0-E122-E4A6-B4BEDD5540BA"/>
</indexColumnUsage>
</ind_PK_UK>
<ind_PK_UK id="DD66E1FD-8344-325F-B927-91601988F618" name="Next_Of_Kin_Student_FK">
<createdBy>jailanihar</createdBy>
<createdTime>2025-08-16 00:33:51 UTC</createdTime>
<generatorID>7FF21313-7C17-1E63-8FE1-05FD1E1A5820</generatorID>
<ownerDesignName>week05</ownerDesignName>
<indexState>Foreign Key</indexState>
<isSurrogateKey>false</isSurrogateKey>
<indexColumnUsage>
<colUsage columnID="A08CB287-D7F0-E122-E4A6-B4BEDD5540BA"/>
</indexColumnUsage>
</ind_PK_UK>
</indexes>
</Table>
