<?xml version = '1.0' encoding = 'UTF-8'?>
<Table class="oracle.dbtools.crest.model.design.relational.Table" directorySegmentName="seg_0" id="974CE5FF-3C63-501D-94A6-818885B0014D" name="Group">
<createdBy>jailanihar</createdBy>
<createdTime>2025-08-13 01:34:48 UTC</createdTime>
<generatorID>EC1567A1-0E85-E9AB-62A1-E29EBD2A1F8D</generatorID>
<ownerDesignName>week05</ownerDesignName>
<allowColumnReorder>false</allowColumnReorder>
<existDependencyGenerateInDDl>true</existDependencyGenerateInDDl>
<parsed>true</parsed>
<columns itemClass="oracle.dbtools.crest.model.design.relational.Column">
<Column name="code" id="25E589D4-0D1A-89F8-77AB-9189F6EB7139">
<createdBy>jailanihar</createdBy>
<createdTime>2025-08-13 01:34:48 UTC</createdTime>
<generatorID>93F70FB4-2574-4063-C12A-4A866BEC579B</generatorID>
<ownerDesignName>week05</ownerDesignName>
<useDomainConstraints>false</useDomainConstraints>
<use>1</use>
<logicalDatatype>LOGDT024</logicalDatatype>
<dataTypeSize>10</dataTypeSize>
<ownDataTypeParameters>10,,</ownDataTypeParameters>
<autoIncrementCycle>false</autoIncrementCycle>
</Column>
<Column name="description" id="FD10E7DB-B6D4-2B99-CA55-0E5134B07C93">
<createdBy>jailanihar</createdBy>
<createdTime>2025-08-13 01:34:48 UTC</createdTime>
<generatorID>881C7D1A-9DA4-FBEC-7644-02D5B172DE02</generatorID>
<ownerDesignName>week05</ownerDesignName>
<useDomainConstraints>false</useDomainConstraints>
<use>1</use>
<logicalDatatype>LOGDT024</logicalDatatype>
<dataTypeSize>255</dataTypeSize>
<ownDataTypeParameters>255,,</ownDataTypeParameters>
<autoIncrementCycle>false</autoIncrementCycle>
</Column>
<Column name="school" id="40DA0C05-57B0-4014-AACC-D296301ADAD4">
<createdBy>jailanihar</createdBy>
<createdTime>2025-08-13 01:34:48 UTC</createdTime>
<generatorID>7CED4564-146B-C675-050F-2A926FB29E30</generatorID>
<ownerDesignName>week05</ownerDesignName>
<useDomainConstraints>false</useDomainConstraints>
<use>1</use>
<logicalDatatype>LOGDT024</logicalDatatype>
<dataTypeSize>255</dataTypeSize>
<ownDataTypeParameters>255,,</ownDataTypeParameters>
<autoIncrementCycle>false</autoIncrementCycle>
</Column>
<Column name="intake" id="11989F76-3DB5-7762-692C-BD5C84E01DAE">
<createdBy>jailanihar</createdBy>
<createdTime>2025-08-13 01:34:48 UTC</createdTime>
<generatorID>51A97CF3-83F9-B1BE-B34D-5A0817670F2A</generatorID>
<ownerDesignName>week05</ownerDesignName>
<useDomainConstraints>false</useDomainConstraints>
<use>1</use>
<logicalDatatype>LOGDT011</logicalDatatype>
<ownDataTypeParameters>,,</ownDataTypeParameters>
<autoIncrementCycle>false</autoIncrementCycle>
</Column>
</columns>
<indexes itemClass="oracle.dbtools.crest.model.design.relational.Index">
<ind_PK_UK id="E7D6D886-FB76-E59A-E72D-A7059B751EE4" name="Group_PK">
<createdBy>jailanihar</createdBy>
<createdTime>2025-08-13 01:34:48 UTC</createdTime>
<generatorID>BC530872-848F-187F-63BA-CAC645FED055</generatorID>
<ownerDesignName>week05</ownerDesignName>
<pk>true</pk>
<indexState>Primary Constraint</indexState>
<isSurrogateKey>false</isSurrogateKey>
<indexColumnUsage>
<colUsage columnID="25E589D4-0D1A-89F8-77AB-9189F6EB7139"/>
</indexColumnUsage>
</ind_PK_UK>
</indexes>
</Table>
