<?xml version = '1.0' encoding = 'UTF-8'?>
<Table class="oracle.dbtools.crest.model.design.relational.Table" directorySegmentName="seg_0" id="A33F1AE3-4173-ECBB-68C5-7FE01E7555CA" name="group_module_rel">
<createdBy>jailanihar</createdBy>
<createdTime>2025-08-13 01:34:48 UTC</createdTime>
<ownerDesignName>week05</ownerDesignName>
<allowColumnReorder>false</allowColumnReorder>
<existDependencyGenerateInDDl>true</existDependencyGenerateInDDl>
<parsed>true</parsed>
<columns itemClass="oracle.dbtools.crest.model.design.relational.Column">
<Column name="Group_code" id="3AB87541-CA51-E5B9-57DB-033906BB6603">
<createdBy>jailanihar</createdBy>
<createdTime>2025-08-13 01:34:48 UTC</createdTime>
<ownerDesignName>week05</ownerDesignName>
<useDomainConstraints>false</useDomainConstraints>
<use>1</use>
<logicalDatatype>LOGDT024</logicalDatatype>
<dataTypeSize>10</dataTypeSize>
<ownDataTypeParameters>,,</ownDataTypeParameters>
<previousColumn>false</previousColumn>
<autoIncrementCycle>false</autoIncrementCycle>
<associations>
<colAssociation fkAssociation="5E6E16C5-DD16-16BC-0C2B-4365D7AAF8A1" referredColumn="25E589D4-0D1A-89F8-77AB-9189F6EB7139"/>
</associations>
</Column>
<Column name="Module_code" id="8012BAB4-6894-356B-1F46-53A6A14409B8">
<createdBy>jailanihar</createdBy>
<createdTime>2025-08-13 01:34:48 UTC</createdTime>
<ownerDesignName>week05</ownerDesignName>
<useDomainConstraints>false</useDomainConstraints>
<use>1</use>
<logicalDatatype>LOGDT025</logicalDatatype>
<dataTypeSize>6</dataTypeSize>
<ownDataTypeParameters>,,</ownDataTypeParameters>
<previousColumn>false</previousColumn>
<autoIncrementCycle>false</autoIncrementCycle>
<associations>
<colAssociation fkAssociation="53DF7675-D7B9-48DD-3B3B-6E83DCC107B9" referredColumn="C1A29FCB-E3F3-CBA9-C584-A06C0FCB6347"/>
</associations>
</Column>
<Column name="sem_no" id="C4C8BA22-EB43-B9D2-2361-174C7EE3EF77">
<createdBy>jailanihar</createdBy>
<createdTime>2025-08-13 01:34:48 UTC</createdTime>
<generatorID>5F534847-C8BB-DD5A-75DF-961AFE7D3842</generatorID>
<ownerDesignName>week05</ownerDesignName>
<useDomainConstraints>false</useDomainConstraints>
<use>1</use>
<logicalDatatype>LOGDT011</logicalDatatype>
<ownDataTypeParameters>,,</ownDataTypeParameters>
<autoIncrementCycle>false</autoIncrementCycle>
<isRelationshipColumn>true</isRelationshipColumn>
<isDependOnFK_AsMandatory>true</isDependOnFK_AsMandatory>
</Column>
</columns>
<indexes itemClass="oracle.dbtools.crest.model.design.relational.Index">
<ind_PK_UK id="4DCFB541-70C8-5A49-1DC9-85A401E6DEA3" name="group_module_rel_PK">
<createdBy>jailanihar</createdBy>
<createdTime>2025-08-13 01:34:48 UTC</createdTime>
<ownerDesignName>week05</ownerDesignName>
<pk>true</pk>
<indexState>Primary Constraint</indexState>
<isSurrogateKey>false</isSurrogateKey>
<indexColumnUsage>
<colUsage columnID="3AB87541-CA51-E5B9-57DB-033906BB6603"/>
<colUsage columnID="8012BAB4-6894-356B-1F46-53A6A14409B8"/>
</indexColumnUsage>
</ind_PK_UK>
<ind_PK_UK id="79FD0F16-AF5C-AEA9-B52D-E82591627D5F" name="group_module_rel_Group_FK">
<createdBy>jailanihar</createdBy>
<createdTime>2025-08-13 01:34:48 UTC</createdTime>
<generatorID>4E76E567-E6F8-BCF3-9167-9950BFFEC832</generatorID>
<ownerDesignName>week05</ownerDesignName>
<indexState>Foreign Key</indexState>
<isSurrogateKey>false</isSurrogateKey>
<indexColumnUsage>
<colUsage columnID="3AB87541-CA51-E5B9-57DB-033906BB6603"/>
</indexColumnUsage>
</ind_PK_UK>
<ind_PK_UK id="7E4E79D8-0F50-81B8-D2CF-0BC6A552C398" name="group_module_rel_Module_FK">
<createdBy>jailanihar</createdBy>
<createdTime>2025-08-13 01:34:48 UTC</createdTime>
<generatorID>4E76E567-E6F8-BCF3-9167-9950BFFEC832</generatorID>
<ownerDesignName>week05</ownerDesignName>
<indexState>Foreign Key</indexState>
<isSurrogateKey>false</isSurrogateKey>
<indexColumnUsage>
<colUsage columnID="8012BAB4-6894-356B-1F46-53A6A14409B8"/>
</indexColumnUsage>
</ind_PK_UK>
</indexes>
</Table>
