<?xml version = '1.0' encoding = 'UTF-8'?>
<Table class="oracle.dbtools.crest.model.design.relational.Table" directorySegmentName="seg_0" id="AFBA2722-6300-4E3E-6DEF-F84DABBE8C1D" name="group_module_rel">
<createdBy>jailanihar</createdBy>
<createdTime>2025-08-16 00:33:51 UTC</createdTime>
<ownerDesignName>week05</ownerDesignName>
<allowColumnReorder>false</allowColumnReorder>
<existDependencyGenerateInDDl>true</existDependencyGenerateInDDl>
<parsed>true</parsed>
<columns itemClass="oracle.dbtools.crest.model.design.relational.Column">
<Column name="Group_code" id="E48533A6-C6EE-A2B4-4C9E-A1953045FC46">
<createdBy>jailanihar</createdBy>
<createdTime>2025-08-16 00:33:51 UTC</createdTime>
<ownerDesignName>week05</ownerDesignName>
<useDomainConstraints>false</useDomainConstraints>
<use>1</use>
<logicalDatatype>LOGDT024</logicalDatatype>
<dataTypeSize>10</dataTypeSize>
<ownDataTypeParameters>,,</ownDataTypeParameters>
<previousColumn>false</previousColumn>
<autoIncrementCycle>false</autoIncrementCycle>
<associations>
<colAssociation fkAssociation="D17D87EF-1275-4AD0-3A49-17999D8E2511" referredColumn="5F1C1DBD-0AD9-12CC-3040-6DBBBE59BD60"/>
</associations>
</Column>
<Column name="Module_code" id="FB838D16-6D08-6001-FAEB-C29C8013796C">
<createdBy>jailanihar</createdBy>
<createdTime>2025-08-16 00:33:51 UTC</createdTime>
<ownerDesignName>week05</ownerDesignName>
<useDomainConstraints>false</useDomainConstraints>
<use>1</use>
<logicalDatatype>LOGDT025</logicalDatatype>
<dataTypeSize>6</dataTypeSize>
<ownDataTypeParameters>,,</ownDataTypeParameters>
<previousColumn>false</previousColumn>
<autoIncrementCycle>false</autoIncrementCycle>
<associations>
<colAssociation fkAssociation="1881BAF6-81F0-D2E8-05E4-A021693A1466" referredColumn="2CDD0484-970C-BD59-0342-200B1BBEE288"/>
</associations>
</Column>
<Column name="sem_no" id="5442B4C3-AB01-707E-A356-3FDC02B22E07">
<createdBy>jailanihar</createdBy>
<createdTime>2025-08-16 00:33:51 UTC</createdTime>
<generatorID>5F534847-C8BB-DD5A-75DF-961AFE7D3842</generatorID>
<ownerDesignName>week05</ownerDesignName>
<useDomainConstraints>false</useDomainConstraints>
<use>1</use>
<logicalDatatype>LOGDT011</logicalDatatype>
<ownDataTypeParameters>,,</ownDataTypeParameters>
<autoIncrementCycle>false</autoIncrementCycle>
<isRelationshipColumn>true</isRelationshipColumn>
<isDependOnFK_AsMandatory>true</isDependOnFK_AsMandatory>
</Column>
<Column name="Lecturer_id" id="AC2728A1-0888-6A24-BB9F-1DA914F68A59">
<createdBy>jailanihar</createdBy>
<createdTime>2025-08-16 01:05:05 UTC</createdTime>
<ownerDesignName>week05</ownerDesignName>
<useDomainConstraints>false</useDomainConstraints>
<use>1</use>
<logicalDatatype>LOGDT011</logicalDatatype>
<ownDataTypeParameters>,,</ownDataTypeParameters>
<previousColumn>false</previousColumn>
<autoIncrementCycle>false</autoIncrementCycle>
<associations>
<colAssociation fkAssociation="17AD7868-387E-2610-4634-B02C057720DA" referredColumn="C99BBA09-8CFE-7B8E-CE8E-C1B3DF156701"/>
</associations>
</Column>
</columns>
<indexes itemClass="oracle.dbtools.crest.model.design.relational.Index">
<ind_PK_UK id="4A04082E-C3F4-9989-1B18-BDF25ED9AFEC" name="group_module_rel_PK">
<createdBy>jailanihar</createdBy>
<createdTime>2025-08-16 00:33:51 UTC</createdTime>
<ownerDesignName>week05</ownerDesignName>
<pk>true</pk>
<indexState>Primary Constraint</indexState>
<isSurrogateKey>false</isSurrogateKey>
<indexColumnUsage>
<colUsage columnID="E48533A6-C6EE-A2B4-4C9E-A1953045FC46"/>
<colUsage columnID="FB838D16-6D08-6001-FAEB-C29C8013796C"/>
</indexColumnUsage>
</ind_PK_UK>
<ind_PK_UK id="9EAB3CAF-56F4-DA5A-BD34-9A17214BA82C" name="group_module_rel_Group_FK">
<createdBy>jailanihar</createdBy>
<createdTime>2025-08-16 00:33:51 UTC</createdTime>
<generatorID>4E76E567-E6F8-BCF3-9167-9950BFFEC832</generatorID>
<ownerDesignName>week05</ownerDesignName>
<indexState>Foreign Key</indexState>
<isSurrogateKey>false</isSurrogateKey>
<indexColumnUsage>
<colUsage columnID="E48533A6-C6EE-A2B4-4C9E-A1953045FC46"/>
</indexColumnUsage>
</ind_PK_UK>
<ind_PK_UK id="CBC9007B-FA45-171D-EC74-F6004B810B0F" name="group_module_rel_Module_FK">
<createdBy>jailanihar</createdBy>
<createdTime>2025-08-16 00:33:51 UTC</createdTime>
<generatorID>4E76E567-E6F8-BCF3-9167-9950BFFEC832</generatorID>
<ownerDesignName>week05</ownerDesignName>
<indexState>Foreign Key</indexState>
<isSurrogateKey>false</isSurrogateKey>
<indexColumnUsage>
<colUsage columnID="FB838D16-6D08-6001-FAEB-C29C8013796C"/>
</indexColumnUsage>
</ind_PK_UK>
<ind_PK_UK id="007A10D2-8100-452D-24B0-2175A65DB3F2" name="group_module_rel_Lecturer_FK">
<createdBy>jailanihar</createdBy>
<createdTime>2025-08-16 01:05:05 UTC</createdTime>
<generatorID>1BC37217-5268-03D5-D1AF-54A28832C67B</generatorID>
<ownerDesignName>week05</ownerDesignName>
<indexState>Foreign Key</indexState>
<isSurrogateKey>false</isSurrogateKey>
<indexColumnUsage>
<colUsage columnID="AC2728A1-0888-6A24-BB9F-1DA914F68A59"/>
</indexColumnUsage>
</ind_PK_UK>
</indexes>
</Table>
