<?xml version = '1.0' encoding = 'UTF-8'?>
<Table class="oracle.dbtools.crest.model.design.relational.Table" directorySegmentName="seg_0" id="B9EA88FE-2702-938B-F9FA-F9F740123FB4" name="Student">
<createdBy>jailanihar</createdBy>
<createdTime>2025-08-16 00:33:51 UTC</createdTime>
<generatorID>EF560D73-E4C8-90D1-49BF-1ECC2CDE862A</generatorID>
<ownerDesignName>week05</ownerDesignName>
<allowColumnReorder>false</allowColumnReorder>
<existDependencyGenerateInDDl>true</existDependencyGenerateInDDl>
<parsed>true</parsed>
<columns itemClass="oracle.dbtools.crest.model.design.relational.Column">
<Column name="id" id="7F39AE25-0589-4A3D-47D5-622BFB111BC0">
<createdBy>jailanihar</createdBy>
<createdTime>2025-08-16 00:33:51 UTC</createdTime>
<generatorID>484C183F-BD43-7651-C26A-5C0203E5F6BD</generatorID>
<ownerDesignName>week05</ownerDesignName>
<useDomainConstraints>false</useDomainConstraints>
<use>1</use>
<logicalDatatype>LOGDT025</logicalDatatype>
<dataTypeSize>9</dataTypeSize>
<ownDataTypeParameters>9,,</ownDataTypeParameters>
<autoIncrementCycle>false</autoIncrementCycle>
</Column>
<Column name="name" id="71E8E4FD-066A-4F2D-F898-2A96153CCFE6">
<createdBy>jailanihar</createdBy>
<createdTime>2025-08-16 00:33:51 UTC</createdTime>
<generatorID>5200AB4F-C212-3B28-904E-45B51319FCA6</generatorID>
<ownerDesignName>week05</ownerDesignName>
<useDomainConstraints>false</useDomainConstraints>
<use>1</use>
<logicalDatatype>LOGDT024</logicalDatatype>
<dataTypeSize>255</dataTypeSize>
<ownDataTypeParameters>255,,</ownDataTypeParameters>
<autoIncrementCycle>false</autoIncrementCycle>
</Column>
<Column name="ic_number" id="1CAFE8A3-504D-08BD-778C-C3208F07679A">
<createdBy>jailanihar</createdBy>
<createdTime>2025-08-16 00:33:51 UTC</createdTime>
<generatorID>29D3924A-7868-A0A9-D51B-952718BE056A</generatorID>
<ownerDesignName>week05</ownerDesignName>
<useDomainConstraints>false</useDomainConstraints>
<use>1</use>
<logicalDatatype>LOGDT025</logicalDatatype>
<dataTypeSize>9</dataTypeSize>
<ownDataTypeParameters>9,,</ownDataTypeParameters>
<autoIncrementCycle>false</autoIncrementCycle>
</Column>
<Column name="address" id="8A4801CE-E36F-B370-80B1-A7E3F2B763E6">
<createdBy>jailanihar</createdBy>
<createdTime>2025-08-16 00:33:51 UTC</createdTime>
<generatorID>4489295C-1B69-BC70-7150-F6E66016A57A</generatorID>
<ownerDesignName>week05</ownerDesignName>
<useDomainConstraints>false</useDomainConstraints>
<use>1</use>
<logicalDatatype>LOGDT040</logicalDatatype>
<ownDataTypeParameters>,,</ownDataTypeParameters>
<autoIncrementCycle>false</autoIncrementCycle>
</Column>
<Column name="phone_number1" id="3D270759-844F-C300-64D6-7E082EFC2FB1">
<createdBy>jailanihar</createdBy>
<createdTime>2025-08-16 00:33:51 UTC</createdTime>
<generatorID>B55D23C5-1B70-2E75-5B70-4C777A281FBD</generatorID>
<ownerDesignName>week05</ownerDesignName>
<useDomainConstraints>false</useDomainConstraints>
<use>1</use>
<logicalDatatype>LOGDT024</logicalDatatype>
<dataTypeSize>50</dataTypeSize>
<ownDataTypeParameters>50,,</ownDataTypeParameters>
<autoIncrementCycle>false</autoIncrementCycle>
</Column>
<Column name="phone_number2" id="E0CB2235-3FC9-E854-1273-43479AAE28B6">
<createdBy>jailanihar</createdBy>
<createdTime>2025-08-16 00:33:51 UTC</createdTime>
<generatorID>A0B9D451-21FF-6778-3F19-CCE7FE80F802</generatorID>
<ownerDesignName>week05</ownerDesignName>
<nullsAllowed>true</nullsAllowed>
<useDomainConstraints>false</useDomainConstraints>
<use>1</use>
<logicalDatatype>LOGDT024</logicalDatatype>
<dataTypeSize>50</dataTypeSize>
<ownDataTypeParameters>50,,</ownDataTypeParameters>
<autoIncrementCycle>false</autoIncrementCycle>
</Column>
<Column name="Group_code" id="4790ECFD-0295-A2D8-98C8-419C8427AEE5">
<createdBy>jailanihar</createdBy>
<createdTime>2025-08-16 00:33:51 UTC</createdTime>
<generatorID>090CBC45-95A9-09F0-A331-D3A996D3975D</generatorID>
<ownerDesignName>week05</ownerDesignName>
<useDomainConstraints>false</useDomainConstraints>
<use>1</use>
<logicalDatatype>LOGDT024</logicalDatatype>
<dataTypeSize>10</dataTypeSize>
<ownDataTypeParameters>,,</ownDataTypeParameters>
<previousColumn>false</previousColumn>
<autoIncrementCycle>false</autoIncrementCycle>
<associations>
<colAssociation fkAssociation="FA301B64-A017-8363-FF87-EC7E9548CD9F" referredColumn="5F1C1DBD-0AD9-12CC-3040-6DBBBE59BD60"/>
</associations>
</Column>
<Column name="Next_Of_Kin_id" id="E1B2F303-78D5-E3E3-3827-CF8564580E05">
<createdBy>jailanihar</createdBy>
<createdTime>2025-08-16 00:33:51 UTC</createdTime>
<generatorID>EA5B5A56-BD9A-8416-1E2E-3E37E79213C6</generatorID>
<ownerDesignName>week05</ownerDesignName>
<useDomainConstraints>false</useDomainConstraints>
<use>1</use>
<logicalDatatype>LOGDT011</logicalDatatype>
<ownDataTypeParameters>,,</ownDataTypeParameters>
<previousColumn>false</previousColumn>
<autoIncrementCycle>false</autoIncrementCycle>
<associations>
<colAssociation fkAssociation="3D33C9B3-ED5E-1539-8A18-2B1196362C86" referredColumn="32D924F0-FA39-FF7E-967B-B2FB3A8AC36D"/>
</associations>
</Column>
</columns>
<indexes itemClass="oracle.dbtools.crest.model.design.relational.Index">
<ind_PK_UK id="81A164D4-E608-C5A1-7427-D7D3A490231D" name="Student_PK">
<createdBy>jailanihar</createdBy>
<createdTime>2025-08-16 00:33:51 UTC</createdTime>
<generatorID>DC2EE73E-8FB7-489A-5F9F-B88718FEE30A</generatorID>
<ownerDesignName>week05</ownerDesignName>
<pk>true</pk>
<indexState>Primary Constraint</indexState>
<isSurrogateKey>false</isSurrogateKey>
<indexColumnUsage>
<colUsage columnID="7F39AE25-0589-4A3D-47D5-622BFB111BC0"/>
</indexColumnUsage>
</ind_PK_UK>
<ind_PK_UK id="2B00F5A9-9B21-24D9-B6DE-1712245DD621" name="Student_ic_number_UN">
<createdBy>jailanihar</createdBy>
<createdTime>2025-08-16 00:33:51 UTC</createdTime>
<generatorID>0BFB6F8E-FF11-EA47-DBA3-1E75A7A0F6E6</generatorID>
<ownerDesignName>week05</ownerDesignName>
<indexState>Unique Constraint</indexState>
<isSurrogateKey>false</isSurrogateKey>
<indexColumnUsage>
<colUsage columnID="1CAFE8A3-504D-08BD-778C-C3208F07679A"/>
</indexColumnUsage>
</ind_PK_UK>
<ind_PK_UK id="86BE0D65-51DF-49D4-B6DC-8802A6012935" name="Student__IDX">
<createdBy>jailanihar</createdBy>
<createdTime>2025-08-16 00:33:51 UTC</createdTime>
<ownerDesignName>week05</ownerDesignName>
<indexState>Unique Plain Index</indexState>
<isSurrogateKey>false</isSurrogateKey>
<relationGeneratorID>7FF21313-7C17-1E63-8FE1-05FD1E1A5820</relationGeneratorID>
<indexColumnUsage>
<colUsage columnID="E1B2F303-78D5-E3E3-3827-CF8564580E05"/>
</indexColumnUsage>
</ind_PK_UK>
<ind_PK_UK id="EE83A3C7-F906-6714-091E-9685B58C7F55" name="Student_Group_FK">
<createdBy>jailanihar</createdBy>
<createdTime>2025-08-16 00:33:51 UTC</createdTime>
<generatorID>32DE83EB-639C-DEC4-DA2F-F1F03457A762</generatorID>
<ownerDesignName>week05</ownerDesignName>
<indexState>Foreign Key</indexState>
<isSurrogateKey>false</isSurrogateKey>
<indexColumnUsage>
<colUsage columnID="4790ECFD-0295-A2D8-98C8-419C8427AEE5"/>
</indexColumnUsage>
</ind_PK_UK>
<ind_PK_UK id="E5DFF0DC-9D23-CE36-F242-91150E89BAA6" name="Student_Next_Of_Kin_FK">
<createdBy>jailanihar</createdBy>
<createdTime>2025-08-16 00:33:51 UTC</createdTime>
<generatorID>7FF21313-7C17-1E63-8FE1-05FD1E1A5820</generatorID>
<ownerDesignName>week05</ownerDesignName>
<indexState>Foreign Key</indexState>
<isSurrogateKey>false</isSurrogateKey>
<indexColumnUsage>
<colUsage columnID="E1B2F303-78D5-E3E3-3827-CF8564580E05"/>
</indexColumnUsage>
</ind_PK_UK>
</indexes>
</Table>
