<?xml version = '1.0' encoding = 'UTF-8'?>
<FKIndexAssociation class="oracle.dbtools.crest.model.design.relational.FKIndexAssociation" directorySegmentName="seg_0" id="17AD7868-387E-2610-4634-B02C057720DA" containerWithKeyObject="AFBA2722-6300-4E3E-6DEF-F84DABBE8C1D" localFKIndex="007A10D2-8100-452D-24B0-2175A65DB3F2" name="group_module_rel_Lecturer_FK">
<createdBy>jailanihar</createdBy>
<createdTime>2025-08-16 01:05:05 UTC</createdTime>
<generatorID>1BC37217-5268-03D5-D1AF-54A28832C67B</generatorID>
<ownerDesignName>week05</ownerDesignName>
<referredTableLongName>Lecturer</referredTableLongName>
<deleteRule>NO ACTION</deleteRule>
<referredTableID>076EF655-B40E-A34E-C424-B32BE0D4431B</referredTableID>
<keyObject>38EA5574-7341-59F2-28A3-6E926C82497D</keyObject>
<referredKeyID>38EA5574-7341-59F2-28A3-6E926C82497D</referredKeyID>
<mandatory>true</mandatory>
<refColNames>id</refColNames>
<transferable>true</transferable>
<rely>false</rely>
<columnDependencyConstraintGenerateInDDL>true</columnDependencyConstraintGenerateInDDL>
</FKIndexAssociation>
