<?xml version = '1.0' encoding = 'UTF-8'?>
<FKIndexAssociation class="oracle.dbtools.crest.model.design.relational.FKIndexAssociation" directorySegmentName="seg_0" id="1881BAF6-81F0-D2E8-05E4-A021693A1466" containerWithKeyObject="AFBA2722-6300-4E3E-6DEF-F84DABBE8C1D" localFKIndex="CBC9007B-FA45-171D-EC74-F6004B810B0F" name="group_module_rel_Module_FK">
<createdBy>jailanihar</createdBy>
<createdTime>2025-08-16 00:33:51 UTC</createdTime>
<generatorID>4E76E567-E6F8-BCF3-9167-9950BFFEC832</generatorID>
<ownerDesignName>week05</ownerDesignName>
<referredTableLongName>Module</referredTableLongName>
<deleteRule>NO ACTION</deleteRule>
<referredTableID>2A6CCC2A-D70A-B88A-5802-4CB89AA46B14</referredTableID>
<keyObject>6CD285D6-1BED-0569-9BC8-2BB7A46FB0CF</keyObject>
<referredKeyID>6CD285D6-1BED-0569-9BC8-2BB7A46FB0CF</referredKeyID>
<mandatory>true</mandatory>
<refColNames>code</refColNames>
<transferable>true</transferable>
<rely>false</rely>
<columnDependencyConstraintGenerateInDDL>true</columnDependencyConstraintGenerateInDDL>
</FKIndexAssociation>
