<?xml version = '1.0' encoding = 'UTF-8'?>
<FKIndexAssociation class="oracle.dbtools.crest.model.design.relational.FKIndexAssociation" directorySegmentName="seg_0" id="19DAD025-EAC1-FF0A-03E7-661C845B9F4C" containerWithKeyObject="582F8ED9-99F5-AE65-ECDB-0CB398B62EC5" localFKIndex="AD746DBE-6D66-D020-4234-14D4A3F3A3BD" name="Student_Next_Of_Kin_FK">
<createdBy>jailanihar</createdBy>
<createdTime>2025-08-13 01:34:48 UTC</createdTime>
<generatorID>7FF21313-7C17-1E63-8FE1-05FD1E1A5820</generatorID>
<ownerDesignName>week05</ownerDesignName>
<referredTableLongName>Next_Of_Kin</referredTableLongName>
<deleteRule>NO ACTION</deleteRule>
<referredTableID>460D8964-45CC-CD7E-E422-38653282E74E</referredTableID>
<keyObject>CEB1858D-55B3-C233-3D0A-91BDD116EF22</keyObject>
<referredKeyID>CEB1858D-55B3-C233-3D0A-91BDD116EF22</referredKeyID>
<mandatory>true</mandatory>
<refColNames>id</refColNames>
<transferable>true</transferable>
<rely>false</rely>
<columnDependencyConstraintGenerateInDDL>true</columnDependencyConstraintGenerateInDDL>
</FKIndexAssociation>
