<?xml version = '1.0' encoding = 'UTF-8'?>
<FKIndexAssociation class="oracle.dbtools.crest.model.design.relational.FKIndexAssociation" directorySegmentName="seg_0" id="354E2D3C-73FA-D4BA-D169-7A7BEDB10E9F" containerWithKeyObject="6625180D-DF6A-7670-E4BC-1D073E32E4F2" localFKIndex="DD66E1FD-8344-325F-B927-91601988F618" name="Next_Of_Kin_Student_FK">
<createdBy>jailanihar</createdBy>
<createdTime>2025-08-16 00:33:51 UTC</createdTime>
<generatorID>7FF21313-7C17-1E63-8FE1-05FD1E1A5820</generatorID>
<ownerDesignName>week05</ownerDesignName>
<referredTableLongName>Student</referredTableLongName>
<deleteRule>NO ACTION</deleteRule>
<referredTableID>B9EA88FE-2702-938B-F9FA-F9F740123FB4</referredTableID>
<keyObject>81A164D4-E608-C5A1-7427-D7D3A490231D</keyObject>
<referredKeyID>81A164D4-E608-C5A1-7427-D7D3A490231D</referredKeyID>
<mandatory>true</mandatory>
<refColNames>id</refColNames>
<transferable>true</transferable>
<rely>false</rely>
<columnDependencyConstraintGenerateInDDL>true</columnDependencyConstraintGenerateInDDL>
</FKIndexAssociation>
