<?xml version = '1.0' encoding = 'UTF-8'?>
<FKIndexAssociation class="oracle.dbtools.crest.model.design.relational.FKIndexAssociation" directorySegmentName="seg_0" id="3D33C9B3-ED5E-1539-8A18-2B1196362C86" containerWithKeyObject="B9EA88FE-2702-938B-F9FA-F9F740123FB4" localFKIndex="E5DFF0DC-9D23-CE36-F242-91150E89BAA6" name="Student_Next_Of_Kin_FK">
<createdBy>jailanihar</createdBy>
<createdTime>2025-08-16 00:33:51 UTC</createdTime>
<generatorID>7FF21313-7C17-1E63-8FE1-05FD1E1A5820</generatorID>
<ownerDesignName>week05</ownerDesignName>
<referredTableLongName>Next_Of_Kin</referredTableLongName>
<deleteRule>NO ACTION</deleteRule>
<referredTableID>6625180D-DF6A-7670-E4BC-1D073E32E4F2</referredTableID>
<keyObject>3BF70650-BE2D-2796-AF4B-50ABC6CB2A78</keyObject>
<referredKeyID>3BF70650-BE2D-2796-AF4B-50ABC6CB2A78</referredKeyID>
<mandatory>true</mandatory>
<refColNames>id</refColNames>
<transferable>true</transferable>
<rely>false</rely>
<columnDependencyConstraintGenerateInDDL>true</columnDependencyConstraintGenerateInDDL>
</FKIndexAssociation>
