<?xml version = '1.0' encoding = 'UTF-8'?>
<FKIndexAssociation class="oracle.dbtools.crest.model.design.relational.FKIndexAssociation" directorySegmentName="seg_0" id="53DF7675-D7B9-48DD-3B3B-6E83DCC107B9" containerWithKeyObject="A33F1AE3-4173-ECBB-68C5-7FE01E7555CA" localFKIndex="7E4E79D8-0F50-81B8-D2CF-0BC6A552C398" name="group_module_rel_Module_FK">
<createdBy>jailanihar</createdBy>
<createdTime>2025-08-13 01:34:48 UTC</createdTime>
<generatorID>4E76E567-E6F8-BCF3-9167-9950BFFEC832</generatorID>
<ownerDesignName>week05</ownerDesignName>
<referredTableLongName>Module</referredTableLongName>
<deleteRule>NO ACTION</deleteRule>
<referredTableID>45AE2364-87AA-42FE-7698-7C955089BF9D</referredTableID>
<keyObject>155E661F-7361-70EA-9F7E-6BCB0A746345</keyObject>
<referredKeyID>155E661F-7361-70EA-9F7E-6BCB0A746345</referredKeyID>
<mandatory>true</mandatory>
<refColNames>code</refColNames>
<transferable>true</transferable>
<rely>false</rely>
<columnDependencyConstraintGenerateInDDL>true</columnDependencyConstraintGenerateInDDL>
</FKIndexAssociation>
