<?xml version = '1.0' encoding = 'UTF-8'?>
<FKIndexAssociation class="oracle.dbtools.crest.model.design.relational.FKIndexAssociation" directorySegmentName="seg_0" id="5E6E16C5-DD16-16BC-0C2B-4365D7AAF8A1" containerWithKeyObject="A33F1AE3-4173-ECBB-68C5-7FE01E7555CA" localFKIndex="79FD0F16-AF5C-AEA9-B52D-E82591627D5F" name="group_module_rel_Group_FK">
<createdBy>jailanihar</createdBy>
<createdTime>2025-08-13 01:34:48 UTC</createdTime>
<generatorID>4E76E567-E6F8-BCF3-9167-9950BFFEC832</generatorID>
<ownerDesignName>week05</ownerDesignName>
<referredTableLongName>Group</referredTableLongName>
<deleteRule>NO ACTION</deleteRule>
<referredTableID>974CE5FF-3C63-501D-94A6-818885B0014D</referredTableID>
<keyObject>E7D6D886-FB76-E59A-E72D-A7059B751EE4</keyObject>
<referredKeyID>E7D6D886-FB76-E59A-E72D-A7059B751EE4</referredKeyID>
<mandatory>true</mandatory>
<refColNames>code</refColNames>
<transferable>true</transferable>
<rely>false</rely>
<columnDependencyConstraintGenerateInDDL>true</columnDependencyConstraintGenerateInDDL>
</FKIndexAssociation>
