<?xml version = '1.0' encoding = 'UTF-8'?>
<FKIndexAssociation class="oracle.dbtools.crest.model.design.relational.FKIndexAssociation" directorySegmentName="seg_0" id="6A183007-A99B-40F9-A902-841E1386B78F" containerWithKeyObject="460D8964-45CC-CD7E-E422-38653282E74E" localFKIndex="23ED677F-9C31-9208-0FD1-FF54AC67F94A" name="Next_Of_Kin_Student_FK">
<createdBy>jailanihar</createdBy>
<createdTime>2025-08-13 01:34:48 UTC</createdTime>
<generatorID>7FF21313-7C17-1E63-8FE1-05FD1E1A5820</generatorID>
<ownerDesignName>week05</ownerDesignName>
<referredTableLongName>Student</referredTableLongName>
<deleteRule>NO ACTION</deleteRule>
<referredTableID>582F8ED9-99F5-AE65-ECDB-0CB398B62EC5</referredTableID>
<keyObject>43B95F9A-AFF7-9CBD-FC0D-75BB934DAFC8</keyObject>
<referredKeyID>43B95F9A-AFF7-9CBD-FC0D-75BB934DAFC8</referredKeyID>
<mandatory>true</mandatory>
<refColNames>id</refColNames>
<transferable>true</transferable>
<rely>false</rely>
<columnDependencyConstraintGenerateInDDL>true</columnDependencyConstraintGenerateInDDL>
</FKIndexAssociation>
