<?xml version = '1.0' encoding = 'UTF-8'?>
<FKIndexAssociation class="oracle.dbtools.crest.model.design.relational.FKIndexAssociation" directorySegmentName="seg_0" id="6AC8386D-671C-B7F8-D136-A557B139AC26" containerWithKeyObject="582F8ED9-99F5-AE65-ECDB-0CB398B62EC5" localFKIndex="CE0B3645-CEDC-B5C4-398B-C6AACACCAF0D" name="Student_Group_FK">
<createdBy>jailanihar</createdBy>
<createdTime>2025-08-13 01:34:48 UTC</createdTime>
<generatorID>32DE83EB-639C-DEC4-DA2F-F1F03457A762</generatorID>
<ownerDesignName>week05</ownerDesignName>
<referredTableLongName>Group</referredTableLongName>
<deleteRule>NO ACTION</deleteRule>
<referredTableID>974CE5FF-3C63-501D-94A6-818885B0014D</referredTableID>
<keyObject>E7D6D886-FB76-E59A-E72D-A7059B751EE4</keyObject>
<referredKeyID>E7D6D886-FB76-E59A-E72D-A7059B751EE4</referredKeyID>
<mandatory>true</mandatory>
<refColNames>code</refColNames>
<transferable>true</transferable>
<rely>false</rely>
<columnDependencyConstraintGenerateInDDL>true</columnDependencyConstraintGenerateInDDL>
</FKIndexAssociation>
