<?xml version = '1.0' encoding = 'UTF-8'?>
<FKIndexAssociation class="oracle.dbtools.crest.model.design.relational.FKIndexAssociation" directorySegmentName="seg_0" id="94CCB973-4167-77D3-42AA-39036FC1D509" containerWithKeyObject="076EF655-B40E-A34E-C424-B32BE0D4431B" localFKIndex="5BBF1DC4-BD8A-C44F-7FB3-E39A08946650" name="Lecturer_Lecturer_FK">
<createdBy>jailanihar</createdBy>
<createdTime>2025-08-16 00:33:51 UTC</createdTime>
<generatorID>782CACDE-4E9F-ED7D-E6DA-2374AEE29EBF</generatorID>
<ownerDesignName>week05</ownerDesignName>
<referredTableLongName>Lecturer</referredTableLongName>
<deleteRule>NO ACTION</deleteRule>
<referredTableID>076EF655-B40E-A34E-C424-B32BE0D4431B</referredTableID>
<keyObject>38EA5574-7341-59F2-28A3-6E926C82497D</keyObject>
<referredKeyID>38EA5574-7341-59F2-28A3-6E926C82497D</referredKeyID>
<mandatory>true</mandatory>
<refColNames>id</refColNames>
<transferable>true</transferable>
<rely>false</rely>
<columnDependencyConstraintGenerateInDDL>true</columnDependencyConstraintGenerateInDDL>
</FKIndexAssociation>
