<?xml version = '1.0' encoding = 'UTF-8'?>
<FKIndexAssociation class="oracle.dbtools.crest.model.design.relational.FKIndexAssociation" directorySegmentName="seg_0" id="D17D87EF-1275-4AD0-3A49-17999D8E2511" containerWithKeyObject="AFBA2722-6300-4E3E-6DEF-F84DABBE8C1D" localFKIndex="9EAB3CAF-56F4-DA5A-BD34-9A17214BA82C" name="group_module_rel_Group_FK">
<createdBy>jailanihar</createdBy>
<createdTime>2025-08-16 00:33:51 UTC</createdTime>
<generatorID>4E76E567-E6F8-BCF3-9167-9950BFFEC832</generatorID>
<ownerDesignName>week05</ownerDesignName>
<referredTableLongName>Group</referredTableLongName>
<deleteRule>NO ACTION</deleteRule>
<referredTableID>FAAE67FF-A8F8-335E-E479-65C7B2FB0188</referredTableID>
<keyObject>8E453636-298C-5928-8137-99CCC85599B2</keyObject>
<referredKeyID>8E453636-298C-5928-8137-99CCC85599B2</referredKeyID>
<mandatory>true</mandatory>
<refColNames>code</refColNames>
<transferable>true</transferable>
<rely>false</rely>
<columnDependencyConstraintGenerateInDDL>true</columnDependencyConstraintGenerateInDDL>
</FKIndexAssociation>
