<?xml version = '1.0' encoding = 'UTF-8'?>
<FKIndexAssociation class="oracle.dbtools.crest.model.design.relational.FKIndexAssociation" directorySegmentName="seg_0" id="FA301B64-A017-8363-FF87-EC7E9548CD9F" containerWithKeyObject="B9EA88FE-2702-938B-F9FA-F9F740123FB4" localFKIndex="EE83A3C7-F906-6714-091E-9685B58C7F55" name="Student_Group_FK">
<createdBy>jailanihar</createdBy>
<createdTime>2025-08-16 00:33:51 UTC</createdTime>
<generatorID>32DE83EB-639C-DEC4-DA2F-F1F03457A762</generatorID>
<ownerDesignName>week05</ownerDesignName>
<referredTableLongName>Group</referredTableLongName>
<deleteRule>NO ACTION</deleteRule>
<referredTableID>FAAE67FF-A8F8-335E-E479-65C7B2FB0188</referredTableID>
<keyObject>8E453636-298C-5928-8137-99CCC85599B2</keyObject>
<referredKeyID>8E453636-298C-5928-8137-99CCC85599B2</referredKeyID>
<mandatory>true</mandatory>
<refColNames>code</refColNames>
<transferable>true</transferable>
<rely>false</rely>
<columnDependencyConstraintGenerateInDDL>true</columnDependencyConstraintGenerateInDDL>
</FKIndexAssociation>
