<?xml version = '1.0' encoding = 'UTF-8'?>
<Table class="oracle.dbtools.crest.model.design.relational.Table" directorySegmentName="seg_0" id="656F07EA-FB38-CD40-8B22-03B1EDB93CDB" name="Student">
<createdBy>jailanihar</createdBy>
<createdTime>2025-08-02 02:04:46 UTC</createdTime>
<generatorID>EF560D73-E4C8-90D1-49BF-1ECC2CDE862A</generatorID>
<ownerDesignName>week03</ownerDesignName>
<allowColumnReorder>false</allowColumnReorder>
<existDependencyGenerateInDDl>true</existDependencyGenerateInDDl>
<parsed>true</parsed>
<columns itemClass="oracle.dbtools.crest.model.design.relational.Column">
<Column name="id" id="3106A641-6D47-2E1D-5606-1891B69A5C9A">
<createdBy>jailanihar</createdBy>
<createdTime>2025-08-02 02:04:46 UTC</createdTime>
<generatorID>484C183F-BD43-7651-C26A-5C0203E5F6BD</generatorID>
<ownerDesignName>week03</ownerDesignName>
<useDomainConstraints>false</useDomainConstraints>
<use>1</use>
<logicalDatatype>LOGDT025</logicalDatatype>
<dataTypeSize>9</dataTypeSize>
<ownDataTypeParameters>9,,</ownDataTypeParameters>
<autoIncrementCycle>false</autoIncrementCycle>
</Column>
<Column name="name" id="C19D59BD-8FD7-00F2-3CB2-76D97BC64633">
<createdBy>jailanihar</createdBy>
<createdTime>2025-08-02 02:04:46 UTC</createdTime>
<generatorID>5200AB4F-C212-3B28-904E-45B51319FCA6</generatorID>
<ownerDesignName>week03</ownerDesignName>
<useDomainConstraints>false</useDomainConstraints>
<use>1</use>
<logicalDatatype>LOGDT024</logicalDatatype>
<dataTypeSize>255</dataTypeSize>
<ownDataTypeParameters>255,,</ownDataTypeParameters>
<autoIncrementCycle>false</autoIncrementCycle>
</Column>
<Column name="ic_number" id="AEB3951E-75C7-B17E-8FAE-C5EEB93A4EEB">
<createdBy>jailanihar</createdBy>
<createdTime>2025-08-02 02:04:46 UTC</createdTime>
<generatorID>29D3924A-7868-A0A9-D51B-952718BE056A</generatorID>
<ownerDesignName>week03</ownerDesignName>
<useDomainConstraints>false</useDomainConstraints>
<use>1</use>
<logicalDatatype>LOGDT025</logicalDatatype>
<dataTypeSize>9</dataTypeSize>
<ownDataTypeParameters>9,,</ownDataTypeParameters>
<autoIncrementCycle>false</autoIncrementCycle>
</Column>
<Column name="address" id="9DF1ED9A-16CE-C814-4868-43E61E074E7B">
<createdBy>jailanihar</createdBy>
<createdTime>2025-08-02 02:04:46 UTC</createdTime>
<generatorID>4489295C-1B69-BC70-7150-F6E66016A57A</generatorID>
<ownerDesignName>week03</ownerDesignName>
<useDomainConstraints>false</useDomainConstraints>
<use>1</use>
<logicalDatatype>LOGDT040</logicalDatatype>
<ownDataTypeParameters>,,</ownDataTypeParameters>
<autoIncrementCycle>false</autoIncrementCycle>
</Column>
<Column name="phone_number1" id="C31DCD22-1427-2C9F-2033-5B66618D83D6">
<createdBy>jailanihar</createdBy>
<createdTime>2025-08-02 02:04:46 UTC</createdTime>
<generatorID>B55D23C5-1B70-2E75-5B70-4C777A281FBD</generatorID>
<ownerDesignName>week03</ownerDesignName>
<useDomainConstraints>false</useDomainConstraints>
<use>1</use>
<logicalDatatype>LOGDT024</logicalDatatype>
<dataTypeSize>50</dataTypeSize>
<ownDataTypeParameters>50,,</ownDataTypeParameters>
<autoIncrementCycle>false</autoIncrementCycle>
</Column>
<Column name="phone_number2" id="81361934-8A99-EC03-2F5A-193D0ACFD6D1">
<createdBy>jailanihar</createdBy>
<createdTime>2025-08-02 02:04:46 UTC</createdTime>
<generatorID>A0B9D451-21FF-6778-3F19-CCE7FE80F802</generatorID>
<ownerDesignName>week03</ownerDesignName>
<nullsAllowed>true</nullsAllowed>
<useDomainConstraints>false</useDomainConstraints>
<use>1</use>
<logicalDatatype>LOGDT024</logicalDatatype>
<dataTypeSize>50</dataTypeSize>
<ownDataTypeParameters>50,,</ownDataTypeParameters>
<autoIncrementCycle>false</autoIncrementCycle>
</Column>
<Column name="Group_code" id="92CFB64C-8714-D87E-A3CA-42A67B80FC13">
<createdBy>jailanihar</createdBy>
<createdTime>2025-08-02 02:04:46 UTC</createdTime>
<generatorID>090CBC45-95A9-09F0-A331-D3A996D3975D</generatorID>
<ownerDesignName>week03</ownerDesignName>
<useDomainConstraints>false</useDomainConstraints>
<use>1</use>
<logicalDatatype>LOGDT024</logicalDatatype>
<dataTypeSize>10</dataTypeSize>
<ownDataTypeParameters>,,</ownDataTypeParameters>
<previousColumn>false</previousColumn>
<autoIncrementCycle>false</autoIncrementCycle>
<associations>
<colAssociation fkAssociation="2B6F9654-D711-F001-E27D-30FA735EA339" referredColumn="5BBFE020-297B-869C-398D-357F63779930"/>
</associations>
</Column>
</columns>
<indexes itemClass="oracle.dbtools.crest.model.design.relational.Index">
<ind_PK_UK id="7D782750-BB35-8CD2-34CD-58B528FF6A91" name="Student_PK">
<createdBy>jailanihar</createdBy>
<createdTime>2025-08-02 02:04:46 UTC</createdTime>
<generatorID>DC2EE73E-8FB7-489A-5F9F-B88718FEE30A</generatorID>
<ownerDesignName>week03</ownerDesignName>
<pk>true</pk>
<indexState>Primary Constraint</indexState>
<isSurrogateKey>false</isSurrogateKey>
<indexColumnUsage>
<colUsage columnID="3106A641-6D47-2E1D-5606-1891B69A5C9A"/>
</indexColumnUsage>
</ind_PK_UK>
<ind_PK_UK id="E6B275E8-1A57-4775-7CFE-EAE4A995472B" name="Student_ic_number_UN">
<createdBy>jailanihar</createdBy>
<createdTime>2025-08-02 02:04:46 UTC</createdTime>
<generatorID>0BFB6F8E-FF11-EA47-DBA3-1E75A7A0F6E6</generatorID>
<ownerDesignName>week03</ownerDesignName>
<indexState>Unique Constraint</indexState>
<isSurrogateKey>false</isSurrogateKey>
<indexColumnUsage>
<colUsage columnID="AEB3951E-75C7-B17E-8FAE-C5EEB93A4EEB"/>
</indexColumnUsage>
</ind_PK_UK>
<ind_PK_UK id="6091A537-3EF3-3DBE-9CDA-AC91BFE90DF4" name="Student_Group_FK">
<createdBy>jailanihar</createdBy>
<createdTime>2025-08-02 02:04:46 UTC</createdTime>
<generatorID>32DE83EB-639C-DEC4-DA2F-F1F03457A762</generatorID>
<ownerDesignName>week03</ownerDesignName>
<indexState>Foreign Key</indexState>
<isSurrogateKey>false</isSurrogateKey>
<indexColumnUsage>
<colUsage columnID="92CFB64C-8714-D87E-A3CA-42A67B80FC13"/>
</indexColumnUsage>
</ind_PK_UK>
</indexes>
</Table>