<?xml version = '1.0' encoding = 'UTF-8'?>
<Table class="oracle.dbtools.crest.model.design.relational.Table" directorySegmentName="seg_0" id="F204200A-87AA-0193-9B74-CAF3020D78C4" name="Group">
<createdBy>jailanihar</createdBy>
<createdTime>2025-08-02 02:04:46 UTC</createdTime>
<generatorID>EC1567A1-0E85-E9AB-62A1-E29EBD2A1F8D</generatorID>
<ownerDesignName>week03</ownerDesignName>
<allowColumnReorder>false</allowColumnReorder>
<existDependencyGenerateInDDl>true</existDependencyGenerateInDDl>
<parsed>true</parsed>
<columns itemClass="oracle.dbtools.crest.model.design.relational.Column">
<Column name="code" id="5BBFE020-297B-869C-398D-357F63779930">
<createdBy>jailanihar</createdBy>
<createdTime>2025-08-02 02:04:46 UTC</createdTime>
<generatorID>93F70FB4-2574-4063-C12A-4A866BEC579B</generatorID>
<ownerDesignName>week03</ownerDesignName>
<useDomainConstraints>false</useDomainConstraints>
<use>1</use>
<logicalDatatype>LOGDT024</logicalDatatype>
<dataTypeSize>10</dataTypeSize>
<ownDataTypeParameters>10,,</ownDataTypeParameters>
<autoIncrementCycle>false</autoIncrementCycle>
</Column>
<Column name="description" id="B8A0473D-86BB-8A4D-3AD3-FB93F6F9A200">
<createdBy>jailanihar</createdBy>
<createdTime>2025-08-02 02:04:46 UTC</createdTime>
<generatorID>881C7D1A-9DA4-FBEC-7644-02D5B172DE02</generatorID>
<ownerDesignName>week03</ownerDesignName>
<useDomainConstraints>false</useDomainConstraints>
<use>1</use>
<logicalDatatype>LOGDT024</logicalDatatype>
<dataTypeSize>255</dataTypeSize>
<ownDataTypeParameters>255,,</ownDataTypeParameters>
<autoIncrementCycle>false</autoIncrementCycle>
</Column>
<Column name="school" id="940C5457-B76E-6740-A6DE-C759780F4C34">
<createdBy>jailanihar</createdBy>
<createdTime>2025-08-02 02:04:46 UTC</createdTime>
<generatorID>7CED4564-146B-C675-050F-2A926FB29E30</generatorID>
<ownerDesignName>week03</ownerDesignName>
<useDomainConstraints>false</useDomainConstraints>
<use>1</use>
<logicalDatatype>LOGDT024</logicalDatatype>
<dataTypeSize>255</dataTypeSize>
<ownDataTypeParameters>255,,</ownDataTypeParameters>
<autoIncrementCycle>false</autoIncrementCycle>
</Column>
<Column name="intake" id="7D164D16-72C9-AC10-2FBB-1309C5589034">
<createdBy>jailanihar</createdBy>
<createdTime>2025-08-02 02:04:46 UTC</createdTime>
<generatorID>51A97CF3-83F9-B1BE-B34D-5A0817670F2A</generatorID>
<ownerDesignName>week03</ownerDesignName>
<useDomainConstraints>false</useDomainConstraints>
<use>1</use>
<logicalDatatype>LOGDT011</logicalDatatype>
<ownDataTypeParameters>,,</ownDataTypeParameters>
<autoIncrementCycle>false</autoIncrementCycle>
</Column>
</columns>
<indexes itemClass="oracle.dbtools.crest.model.design.relational.Index">
<ind_PK_UK id="1C74A3AC-7A7C-BB87-6606-960239A740B1" name="Group_PK">
<createdBy>jailanihar</createdBy>
<createdTime>2025-08-02 02:04:46 UTC</createdTime>
<generatorID>BC530872-848F-187F-63BA-CAC645FED055</generatorID>
<ownerDesignName>week03</ownerDesignName>
<pk>true</pk>
<indexState>Primary Constraint</indexState>
<isSurrogateKey>false</isSurrogateKey>
<indexColumnUsage>
<colUsage columnID="5BBFE020-297B-869C-398D-357F63779930"/>
</indexColumnUsage>
</ind_PK_UK>
</indexes>
</Table>