<?xml version = '1.0' encoding = 'UTF-8'?>
<Diagram class="oracle.dbtools.crest.swingui.relational.DPVRelational" name="Relational_1" id="051AB528-EF3B-8202-66E3-EA0AE710DB7D">
<createdBy>jailanihar</createdBy>
<modifiedBy>jailanihar</modifiedBy>
<createdTime>2025-08-20 00:12:49 UTC</createdTime>
<autoRoute>false</autoRoute>
<boxInbox>true</boxInbox>
<showLegend>false</showLegend>
<showLabels>false</showLabels>
<showRelAttributes>false</showRelAttributes>
<gridEnabled>false</gridEnabled>
<showGrid>false</showGrid>
<diagramColor>-1</diagramColor>
<display>false</display>
<notation>1</notation>
<objectViews>
<OView class="oracle.dbtools.crest.swingui.relational.TVTable" oid="1EE2C62F-21D7-E968-C68B-02E53463AA8D" otype="Table" vid="31881E59-5D80-0971-6F3E-D24658069CF5">
<hideElementsInCurrentOnly>false</hideElementsInCurrentOnly>
<bounds x="34" y="55" width="244" height="190"/>
</OView>
<OView class="oracle.dbtools.crest.swingui.relational.TVTable" oid="26D4828E-89A5-F734-0C76-CC6E61B4D6F2" otype="Table" vid="8E93940A-27CF-3F8A-B0E4-9C23D7BCC643">
<hideElementsInCurrentOnly>false</hideElementsInCurrentOnly>
<bounds x="103" y="301" width="235" height="155"/>
</OView>
<OView class="oracle.dbtools.crest.swingui.relational.TVTable" oid="AA05EEE4-B5B7-3E71-3B94-3FD1B58E4045" otype="Table" vid="CAA25F6C-36F2-7E6A-DBBE-D034A087AEB1">
<hideElementsInCurrentOnly>false</hideElementsInCurrentOnly>
<bounds x="359" y="58" width="278" height="179"/>
</OView>
</objectViews>
<connectors>
<Connector class="oracle.dbtools.crest.swingui.relational.TVFKRelation" oid="80370A2E-87BF-64A6-A100-B7CE6E37FBE1" otype="FKIndexAssociation" vid_source="31881E59-5D80-0971-6F3E-D24658069CF5" vid_target="CAA25F6C-36F2-7E6A-DBBE-D034A087AEB1">
<hideElementsInCurrentOnly>false</hideElementsInCurrentOnly>
<backgroundColor>-16777216</backgroundColor>
<lineWidth>1</lineWidth>
<points>
<point x="278" y="132"/>
<point x="359" y="132"/>
</points>
</Connector>
<Connector class="oracle.dbtools.crest.swingui.relational.TVFKRelation" oid="C2C349D7-4299-CE3D-5F5C-5B7C96564F23" otype="FKIndexAssociation" vid_source="31881E59-5D80-0971-6F3E-D24658069CF5" vid_target="8E93940A-27CF-3F8A-B0E4-9C23D7BCC643">
<hideElementsInCurrentOnly>false</hideElementsInCurrentOnly>
<backgroundColor>-16777216</backgroundColor>
<lineWidth>1</lineWidth>
<points>
<point x="190" y="245"/>
<point x="190" y="301"/>
</points>
</Connector>
</connectors>
</Diagram>
