<?xml version = '1.0' encoding = 'UTF-8'?>
<FKIndexAssociation class="oracle.dbtools.crest.model.design.relational.FKIndexAssociation" directorySegmentName="seg_0" id="2B4BFBFA-FED1-A502-B562-49FC4E92591E" containerWithKeyObject="76C1C7B4-7896-826E-D14E-B48F66FC2C43" localFKIndex="B7A1C766-45FF-C8BD-2080-429E4E0E27E9" name="Lecturer_User_FK">
<createdBy>jailanihar</createdBy>
<createdTime>2025-08-23 00:19:21 UTC</createdTime>
<generatorID>EE6CECB8-EADB-FE5F-F125-984A7677F51D</generatorID>
<ownerDesignName>week06</ownerDesignName>
<referredTableLongName>User</referredTableLongName>
<deleteRule>NO ACTION</deleteRule>
<referredTableID>E0E94458-81C4-3EC9-D39A-2FEFB9B7F4E3</referredTableID>
<keyObject>C0F15834-6C95-4961-B3CE-AC7F71471217</keyObject>
<referredKeyID>C0F15834-6C95-4961-B3CE-AC7F71471217</referredKeyID>
<mandatory>true</mandatory>
<refColNames>username</refColNames>
<transferable>true</transferable>
<rely>false</rely>
<columnDependencyConstraintGenerateInDDL>true</columnDependencyConstraintGenerateInDDL>
</FKIndexAssociation>