<?xml version = '1.0' encoding = 'UTF-8'?>
<FKIndexAssociation class="oracle.dbtools.crest.model.design.relational.FKIndexAssociation" directorySegmentName="seg_0" id="7FFBBC37-6069-90D3-40AE-309FFFAC36E2" containerWithKeyObject="C6B27B46-F9F4-9BD4-0BE1-57963B3D83B1" localFKIndex="7BB9884D-AD8F-E0E3-17B0-4123BBA42F33" name="Student_User_FK">
<createdBy>jailanihar</createdBy>
<createdTime>2025-08-23 00:19:21 UTC</createdTime>
<generatorID>E563ED42-EBD5-7CA6-9631-8588185AD887</generatorID>
<ownerDesignName>week06</ownerDesignName>
<referredTableLongName>User</referredTableLongName>
<deleteRule>NO ACTION</deleteRule>
<referredTableID>E0E94458-81C4-3EC9-D39A-2FEFB9B7F4E3</referredTableID>
<keyObject>C0F15834-6C95-4961-B3CE-AC7F71471217</keyObject>
<referredKeyID>C0F15834-6C95-4961-B3CE-AC7F71471217</referredKeyID>
<mandatory>true</mandatory>
<refColNames>username</refColNames>
<transferable>true</transferable>
<rely>false</rely>
<columnDependencyConstraintGenerateInDDL>true</columnDependencyConstraintGenerateInDDL>
</FKIndexAssociation>