<?xml version = '1.0' encoding = 'UTF-8'?>
<Entity class="oracle.dbtools.crest.model.design.logical.Entity" directorySegmentName="seg_0" id="01F25709-AC35-0885-9F38-C9DB49504B45" name="User">
<createdBy>jailanihar</createdBy>
<createdTime>2025-08-20 00:18:56 UTC</createdTime>
<ownerDesignName>week06</ownerDesignName>
<engineerTo>
<item key="96C7C342-A885-73F7-A188-E21C2973FDBF" value="true"/>
</engineerTo>
<adequatelyNormalized>NO</adequatelyNormalized>
<expectedVolumes>0</expectedVolumes>
<fwdEngineeringStrategyName>Single Table</fwdEngineeringStrategyName>
<growthPercent>0</growthPercent>
<growthType>Year</growthType>
<maxVolumes>9999999</maxVolumes>
<minVolumes>0</minVolumes>
<normalForm>Third</normalForm>
<attributes itemClass="oracle.dbtools.crest.model.design.logical.Attribute">
<Attribute name="username" id="C2BED5AF-D2B8-15E5-5BE0-752934589FD6">
<createdBy>jailanihar</createdBy>
<createdTime>2025-08-20 00:19:29 UTC</createdTime>
<ownerDesignName>week06</ownerDesignName>
<engineerTo>
<item key="96C7C342-A885-73F7-A188-E21C2973FDBF" value="true"/>
</engineerTo>
<useDomainConstraints>false</useDomainConstraints>
<use>1</use>
<logicalDatatype>LOGDT024</logicalDatatype>
<dataTypeSize>100</dataTypeSize>
<ownDataTypeParameters>100,,</ownDataTypeParameters>
</Attribute>
<Attribute name="password" id="708D4E3F-8081-37B6-5807-8D7F3AE96EEB">
<createdBy>jailanihar</createdBy>
<createdTime>2025-08-20 00:22:08 UTC</createdTime>
<ownerDesignName>week06</ownerDesignName>
<engineerTo>
<item key="96C7C342-A885-73F7-A188-E21C2973FDBF" value="true"/>
</engineerTo>
<useDomainConstraints>false</useDomainConstraints>
<use>1</use>
<logicalDatatype>LOGDT024</logicalDatatype>
<dataTypeSize>255</dataTypeSize>
<ownDataTypeParameters>255,,</ownDataTypeParameters>
</Attribute>
<Attribute name="role" id="70C48820-6D70-5EAF-08E9-EF3C7D670C47">
<createdBy>jailanihar</createdBy>
<createdTime>2025-08-20 00:26:47 UTC</createdTime>
<ownerDesignName>week06</ownerDesignName>
<engineerTo>
<item key="96C7C342-A885-73F7-A188-E21C2973FDBF" value="true"/>
</engineerTo>
<useDomainConstraints>false</useDomainConstraints>
<use>1</use>
<logicalDatatype>LOGDT024</logicalDatatype>
<ownDataTypeParameters>,,</ownDataTypeParameters>
</Attribute>
<Attribute name="id" id="CAA24705-84A1-B610-C950-AF1C870EABAC">
<createdBy>jailanihar</createdBy>
<createdTime>2025-08-20 00:32:57 UTC</createdTime>
<generatorID>5E2C0B73-F1A2-136A-493A-278E290A155B</generatorID>
<ownerDesignName>week06</ownerDesignName>
<engineerTo>
<item key="96C7C342-A885-73F7-A188-E21C2973FDBF" value="true"/>
</engineerTo>
<referedAttribute>2AA9953C-398B-60FD-654A-E275FC33CB0B</referedAttribute>
<useDomainConstraints>false</useDomainConstraints>
<use>1</use>
<logicalDatatype>LOGDT024</logicalDatatype>
<dataTypeSize>9</dataTypeSize>
<ownDataTypeParameters>,,</ownDataTypeParameters>
</Attribute>
<Attribute name="id1" id="8A2D84DC-D160-3C8F-06B7-4FD00CA798A7">
<createdBy>jailanihar</createdBy>
<createdTime>2025-08-20 00:33:09 UTC</createdTime>
<generatorID>0B4B51A4-22A9-7298-89A5-0D2B3B566C0C</generatorID>
<ownerDesignName>week06</ownerDesignName>
<engineerTo>
<item key="96C7C342-A885-73F7-A188-E21C2973FDBF" value="true"/>
</engineerTo>
<referedAttribute>6FD7607B-44F1-389C-296A-A10C5B47E08C</referedAttribute>
<useDomainConstraints>false</useDomainConstraints>
<use>1</use>
<logicalDatatype>LOGDT011</logicalDatatype>
<ownDataTypeParameters>,,</ownDataTypeParameters>
</Attribute>
</attributes>
<identifiers itemClass="oracle.dbtools.crest.model.design.logical.CandidateKey">
<identifier id="F8A914F6-1BA0-3C8C-D10A-16F598678F57" name="User PK">
<createdBy>jailanihar</createdBy>
<createdTime>2025-08-20 00:21:23 UTC</createdTime>
<ownerDesignName>week06</ownerDesignName>
<engineerTo>
<item key="96C7C342-A885-73F7-A188-E21C2973FDBF" value="true"/>
</engineerTo>
<pk>true</pk>
<usedAttributes>
<attributeRef>C2BED5AF-D2B8-15E5-5BE0-752934589FD6</attributeRef>
</usedAttributes>
</identifier>
</identifiers>
</Entity>
