<?xml version = '1.0' encoding = 'UTF-8'?>
<Entity class="oracle.dbtools.crest.model.design.logical.Entity" directorySegmentName="seg_0" id="05809F46-8CDA-BDC4-C3CE-C0A471DF11B8" name="Lecturer">
<createdBy>jailanihar</createdBy>
<createdTime>2025-08-20 00:30:25 UTC</createdTime>
<ownerDesignName>week06</ownerDesignName>
<engineerTo>
<item key="96C7C342-A885-73F7-A188-E21C2973FDBF" value="true"/>
</engineerTo>
<adequatelyNormalized>NO</adequatelyNormalized>
<expectedVolumes>0</expectedVolumes>
<fwdEngineeringStrategyName>Single Table</fwdEngineeringStrategyName>
<growthPercent>0</growthPercent>
<growthType>Year</growthType>
<maxVolumes>9999999</maxVolumes>
<minVolumes>0</minVolumes>
<normalForm>Third</normalForm>
<attributes itemClass="oracle.dbtools.crest.model.design.logical.Attribute">
<Attribute name="id" id="6FD7607B-44F1-389C-296A-A10C5B47E08C">
<createdBy>jailanihar</createdBy>
<createdTime>2025-08-20 00:30:33 UTC</createdTime>
<ownerDesignName>week06</ownerDesignName>
<engineerTo>
<item key="96C7C342-A885-73F7-A188-E21C2973FDBF" value="true"/>
</engineerTo>
<useDomainConstraints>false</useDomainConstraints>
<use>1</use>
<logicalDatatype>LOGDT011</logicalDatatype>
<ownDataTypeParameters>,,</ownDataTypeParameters>
</Attribute>
<Attribute name="name" id="CBD119B7-3006-20CB-2583-0E9F6E30D046">
<createdBy>jailanihar</createdBy>
<createdTime>2025-08-20 00:30:57 UTC</createdTime>
<ownerDesignName>week06</ownerDesignName>
<engineerTo>
<item key="96C7C342-A885-73F7-A188-E21C2973FDBF" value="true"/>
</engineerTo>
<useDomainConstraints>false</useDomainConstraints>
<use>1</use>
<logicalDatatype>LOGDT024</logicalDatatype>
<dataTypeSize>255</dataTypeSize>
<ownDataTypeParameters>255,,</ownDataTypeParameters>
</Attribute>
<Attribute name="designation" id="AC4026F0-5E6C-0D6C-0636-49B8EB78D9BA">
<createdBy>jailanihar</createdBy>
<createdTime>2025-08-20 00:31:12 UTC</createdTime>
<ownerDesignName>week06</ownerDesignName>
<engineerTo>
<item key="96C7C342-A885-73F7-A188-E21C2973FDBF" value="true"/>
</engineerTo>
<useDomainConstraints>false</useDomainConstraints>
<use>1</use>
<logicalDatatype>LOGDT024</logicalDatatype>
<dataTypeSize>255</dataTypeSize>
<ownDataTypeParameters>255,,</ownDataTypeParameters>
</Attribute>
<Attribute name="username" id="3BCD6A72-42A4-FAEA-7DE8-C0ADCBBFE95B">
<createdBy>jailanihar</createdBy>
<createdTime>2025-08-20 00:33:02 UTC</createdTime>
<generatorID>0B4B51A4-22A9-7298-89A5-0D2B3B566C0C</generatorID>
<ownerDesignName>week06</ownerDesignName>
<engineerTo>
<item key="96C7C342-A885-73F7-A188-E21C2973FDBF" value="true"/>
</engineerTo>
<referedAttribute>C2BED5AF-D2B8-15E5-5BE0-752934589FD6</referedAttribute>
<useDomainConstraints>false</useDomainConstraints>
<use>1</use>
<logicalDatatype>LOGDT024</logicalDatatype>
<dataTypeSize>100</dataTypeSize>
<ownDataTypeParameters>,,</ownDataTypeParameters>
</Attribute>
</attributes>
<identifiers itemClass="oracle.dbtools.crest.model.design.logical.CandidateKey">
<identifier id="35684C54-A484-4E51-2302-F8951C3DDE32" name="Lecturer PK">
<createdBy>jailanihar</createdBy>
<createdTime>2025-08-20 00:30:37 UTC</createdTime>
<ownerDesignName>week06</ownerDesignName>
<engineerTo>
<item key="96C7C342-A885-73F7-A188-E21C2973FDBF" value="true"/>
</engineerTo>
<pk>true</pk>
<usedAttributes>
<attributeRef>6FD7607B-44F1-389C-296A-A10C5B47E08C</attributeRef>
</usedAttributes>
</identifier>
</identifiers>
</Entity>
