<?xml version = '1.0' encoding = 'UTF-8'?>
<Entity class="oracle.dbtools.crest.model.design.logical.Entity" directorySegmentName="seg_0" id="4B8E61CC-D7E7-70F1-55CB-FBC27A425DB8" name="Student">
<createdBy>jailanihar</createdBy>
<createdTime>2025-08-23 00:17:39 UTC</createdTime>
<ownerDesignName>week06</ownerDesignName>
<engineerTo>
<item key="6A40B2D4-C996-E581-75BF-BC296CDEB2AF" value="true"/>
</engineerTo>
<adequatelyNormalized>NO</adequatelyNormalized>
<expectedVolumes>0</expectedVolumes>
<fwdEngineeringStrategyName>Single Table</fwdEngineeringStrategyName>
<growthPercent>0</growthPercent>
<growthType>Year</growthType>
<maxVolumes>9999999</maxVolumes>
<minVolumes>0</minVolumes>
<normalForm>Third</normalForm>
<attributes itemClass="oracle.dbtools.crest.model.design.logical.Attribute">
<Attribute name="id" id="49FA6E50-3D59-B23C-D340-399B077C5F2A">
<createdBy>jailanihar</createdBy>
<createdTime>2025-08-23 00:17:45 UTC</createdTime>
<ownerDesignName>week06</ownerDesignName>
<engineerTo>
<item key="6A40B2D4-C996-E581-75BF-BC296CDEB2AF" value="true"/>
</engineerTo>
<useDomainConstraints>false</useDomainConstraints>
<use>1</use>
<logicalDatatype>LOGDT024</logicalDatatype>
<dataTypeSize>9</dataTypeSize>
<ownDataTypeParameters>9,,</ownDataTypeParameters>
</Attribute>
<Attribute name="name" id="4B33E244-B3AD-B6A1-EC9E-1F0996FAC1B7">
<createdBy>jailanihar</createdBy>
<createdTime>2025-08-23 00:17:57 UTC</createdTime>
<ownerDesignName>week06</ownerDesignName>
<engineerTo>
<item key="6A40B2D4-C996-E581-75BF-BC296CDEB2AF" value="true"/>
</engineerTo>
<useDomainConstraints>false</useDomainConstraints>
<use>1</use>
<logicalDatatype>LOGDT024</logicalDatatype>
<dataTypeSize>255</dataTypeSize>
<ownDataTypeParameters>255,,</ownDataTypeParameters>
</Attribute>
<Attribute name="username" id="55BB9668-F141-56DE-70C5-BFE2773671A6">
<createdBy>jailanihar</createdBy>
<createdTime>2025-08-23 00:19:10 UTC</createdTime>
<generatorID>E563ED42-EBD5-7CA6-9631-8588185AD887</generatorID>
<ownerDesignName>week06</ownerDesignName>
<engineerTo>
<item key="6A40B2D4-C996-E581-75BF-BC296CDEB2AF" value="true"/>
</engineerTo>
<referedAttribute>AE2F2E78-29D7-965A-A26F-D3C764A82CBC</referedAttribute>
<useDomainConstraints>false</useDomainConstraints>
<use>1</use>
<logicalDatatype>LOGDT024</logicalDatatype>
<dataTypeSize>100</dataTypeSize>
<ownDataTypeParameters>,,</ownDataTypeParameters>
</Attribute>
</attributes>
<identifiers itemClass="oracle.dbtools.crest.model.design.logical.CandidateKey">
<identifier id="34BE561B-5997-F501-6B2A-D06EDD066FB7" name="Student PK">
<createdBy>jailanihar</createdBy>
<createdTime>2025-08-23 00:17:56 UTC</createdTime>
<ownerDesignName>week06</ownerDesignName>
<engineerTo>
<item key="6A40B2D4-C996-E581-75BF-BC296CDEB2AF" value="true"/>
</engineerTo>
<pk>true</pk>
<usedAttributes>
<attributeRef>49FA6E50-3D59-B23C-D340-399B077C5F2A</attributeRef>
</usedAttributes>
</identifier>
</identifiers>
</Entity>