<?xml version = '1.0' encoding = 'UTF-8'?>
<Entity class="oracle.dbtools.crest.model.design.logical.Entity" directorySegmentName="seg_0" id="6C90E105-2822-EECF-3A3A-BF31A86BC19F" name="Lecturer">
<createdBy>jailanihar</createdBy>
<createdTime>2025-08-23 00:18:17 UTC</createdTime>
<ownerDesignName>week06</ownerDesignName>
<engineerTo>
<item key="6A40B2D4-C996-E581-75BF-BC296CDEB2AF" value="true"/>
</engineerTo>
<adequatelyNormalized>NO</adequatelyNormalized>
<expectedVolumes>0</expectedVolumes>
<fwdEngineeringStrategyName>Single Table</fwdEngineeringStrategyName>
<growthPercent>0</growthPercent>
<growthType>Year</growthType>
<maxVolumes>9999999</maxVolumes>
<minVolumes>0</minVolumes>
<normalForm>Third</normalForm>
<attributes itemClass="oracle.dbtools.crest.model.design.logical.Attribute">
<Attribute name="id" id="FA68E85D-CFE9-3BD1-95C6-33A7C0CAC0FD">
<createdBy>jailanihar</createdBy>
<createdTime>2025-08-23 00:18:25 UTC</createdTime>
<ownerDesignName>week06</ownerDesignName>
<engineerTo>
<item key="6A40B2D4-C996-E581-75BF-BC296CDEB2AF" value="true"/>
</engineerTo>
<useDomainConstraints>false</useDomainConstraints>
<use>1</use>
<logicalDatatype>LOGDT011</logicalDatatype>
<ownDataTypeParameters>,,</ownDataTypeParameters>
</Attribute>
<Attribute name="name" id="5EC95B83-9672-BA21-66E2-5DB53CDC6F66">
<createdBy>jailanihar</createdBy>
<createdTime>2025-08-23 00:18:35 UTC</createdTime>
<ownerDesignName>week06</ownerDesignName>
<engineerTo>
<item key="6A40B2D4-C996-E581-75BF-BC296CDEB2AF" value="true"/>
</engineerTo>
<useDomainConstraints>false</useDomainConstraints>
<use>1</use>
<logicalDatatype>LOGDT024</logicalDatatype>
<dataTypeSize>255</dataTypeSize>
<ownDataTypeParameters>255,,</ownDataTypeParameters>
</Attribute>
<Attribute name="designation" id="FD724A92-6354-B7C7-B15C-AF4DB3AE40CC">
<createdBy>jailanihar</createdBy>
<createdTime>2025-08-23 00:18:48 UTC</createdTime>
<ownerDesignName>week06</ownerDesignName>
<engineerTo>
<item key="6A40B2D4-C996-E581-75BF-BC296CDEB2AF" value="true"/>
</engineerTo>
<nullsAllowed>true</nullsAllowed>
<useDomainConstraints>false</useDomainConstraints>
<use>1</use>
<logicalDatatype>LOGDT024</logicalDatatype>
<dataTypeSize>255</dataTypeSize>
<ownDataTypeParameters>255,,</ownDataTypeParameters>
</Attribute>
<Attribute name="username" id="989EA108-259E-B299-0563-82C014377E55">
<createdBy>jailanihar</createdBy>
<createdTime>2025-08-23 00:19:16 UTC</createdTime>
<generatorID>EE6CECB8-EADB-FE5F-F125-984A7677F51D</generatorID>
<ownerDesignName>week06</ownerDesignName>
<engineerTo>
<item key="6A40B2D4-C996-E581-75BF-BC296CDEB2AF" value="true"/>
</engineerTo>
<referedAttribute>AE2F2E78-29D7-965A-A26F-D3C764A82CBC</referedAttribute>
<useDomainConstraints>false</useDomainConstraints>
<use>1</use>
<logicalDatatype>LOGDT024</logicalDatatype>
<dataTypeSize>100</dataTypeSize>
<ownDataTypeParameters>,,</ownDataTypeParameters>
</Attribute>
</attributes>
<identifiers itemClass="oracle.dbtools.crest.model.design.logical.CandidateKey">
<identifier id="408E0AF4-4E3A-5987-94FB-9238BC9D208F" name="Lecturer PK">
<createdBy>jailanihar</createdBy>
<createdTime>2025-08-23 00:18:33 UTC</createdTime>
<ownerDesignName>week06</ownerDesignName>
<engineerTo>
<item key="6A40B2D4-C996-E581-75BF-BC296CDEB2AF" value="true"/>
</engineerTo>
<pk>true</pk>
<usedAttributes>
<attributeRef>FA68E85D-CFE9-3BD1-95C6-33A7C0CAC0FD</attributeRef>
</usedAttributes>
</identifier>
</identifiers>
</Entity>