<?xml version = '1.0' encoding = 'UTF-8'?>
<Entity class="oracle.dbtools.crest.model.design.logical.Entity" directorySegmentName="seg_0" id="790D9250-2005-BC5D-F0B7-712749F65B37" name="Student">
<createdBy>jailanihar</createdBy>
<createdTime>2025-08-20 00:28:35 UTC</createdTime>
<ownerDesignName>week06</ownerDesignName>
<engineerTo>
<item key="96C7C342-A885-73F7-A188-E21C2973FDBF" value="true"/>
</engineerTo>
<adequatelyNormalized>NO</adequatelyNormalized>
<expectedVolumes>0</expectedVolumes>
<fwdEngineeringStrategyName>Single Table</fwdEngineeringStrategyName>
<growthPercent>0</growthPercent>
<growthType>Year</growthType>
<maxVolumes>9999999</maxVolumes>
<minVolumes>0</minVolumes>
<normalForm>Third</normalForm>
<attributes itemClass="oracle.dbtools.crest.model.design.logical.Attribute">
<Attribute name="id" id="2AA9953C-398B-60FD-654A-E275FC33CB0B">
<createdBy>jailanihar</createdBy>
<createdTime>2025-08-20 00:28:43 UTC</createdTime>
<ownerDesignName>week06</ownerDesignName>
<engineerTo>
<item key="96C7C342-A885-73F7-A188-E21C2973FDBF" value="true"/>
</engineerTo>
<useDomainConstraints>false</useDomainConstraints>
<use>1</use>
<logicalDatatype>LOGDT024</logicalDatatype>
<dataTypeSize>9</dataTypeSize>
<ownDataTypeParameters>9,,</ownDataTypeParameters>
</Attribute>
<Attribute name="name" id="623E055A-37F3-C95A-F6BD-78E2E518CCE4">
<createdBy>jailanihar</createdBy>
<createdTime>2025-08-20 00:29:03 UTC</createdTime>
<ownerDesignName>week06</ownerDesignName>
<engineerTo>
<item key="96C7C342-A885-73F7-A188-E21C2973FDBF" value="true"/>
</engineerTo>
<useDomainConstraints>false</useDomainConstraints>
<use>1</use>
<logicalDatatype>LOGDT024</logicalDatatype>
<dataTypeSize>255</dataTypeSize>
<ownDataTypeParameters>255,,</ownDataTypeParameters>
</Attribute>
<Attribute name="username" id="2CAC7161-36CF-10C4-8523-D5B7532007E7">
<createdBy>jailanihar</createdBy>
<createdTime>2025-08-20 00:32:50 UTC</createdTime>
<generatorID>5E2C0B73-F1A2-136A-493A-278E290A155B</generatorID>
<ownerDesignName>week06</ownerDesignName>
<engineerTo>
<item key="96C7C342-A885-73F7-A188-E21C2973FDBF" value="true"/>
</engineerTo>
<referedAttribute>C2BED5AF-D2B8-15E5-5BE0-752934589FD6</referedAttribute>
<useDomainConstraints>false</useDomainConstraints>
<use>1</use>
<logicalDatatype>LOGDT024</logicalDatatype>
<dataTypeSize>100</dataTypeSize>
<ownDataTypeParameters>,,</ownDataTypeParameters>
</Attribute>
</attributes>
<identifiers itemClass="oracle.dbtools.crest.model.design.logical.CandidateKey">
<identifier id="65C9CE65-7D76-DF9B-F22E-4A7337A15611" name="Student PK">
<createdBy>jailanihar</createdBy>
<createdTime>2025-08-20 00:28:47 UTC</createdTime>
<ownerDesignName>week06</ownerDesignName>
<engineerTo>
<item key="96C7C342-A885-73F7-A188-E21C2973FDBF" value="true"/>
</engineerTo>
<pk>true</pk>
<usedAttributes>
<attributeRef>2AA9953C-398B-60FD-654A-E275FC33CB0B</attributeRef>
</usedAttributes>
</identifier>
</identifiers>
</Entity>
