<?xml version = '1.0' encoding = 'UTF-8'?>
<Entity class="oracle.dbtools.crest.model.design.logical.Entity" directorySegmentName="seg_0" id="D0FB4ABB-AC17-D801-0102-34E08F85903C" name="User">
<createdBy>jailanihar</createdBy>
<createdTime>2025-08-23 00:16:38 UTC</createdTime>
<ownerDesignName>week06</ownerDesignName>
<engineerTo>
<item key="6A40B2D4-C996-E581-75BF-BC296CDEB2AF" value="true"/>
</engineerTo>
<adequatelyNormalized>NO</adequatelyNormalized>
<expectedVolumes>0</expectedVolumes>
<fwdEngineeringStrategyName>Single Table</fwdEngineeringStrategyName>
<growthPercent>0</growthPercent>
<growthType>Year</growthType>
<maxVolumes>9999999</maxVolumes>
<minVolumes>0</minVolumes>
<normalForm>Third</normalForm>
<attributes itemClass="oracle.dbtools.crest.model.design.logical.Attribute">
<Attribute name="username" id="AE2F2E78-29D7-965A-A26F-D3C764A82CBC">
<createdBy>jailanihar</createdBy>
<createdTime>2025-08-23 00:16:45 UTC</createdTime>
<ownerDesignName>week06</ownerDesignName>
<engineerTo>
<item key="6A40B2D4-C996-E581-75BF-BC296CDEB2AF" value="true"/>
</engineerTo>
<useDomainConstraints>false</useDomainConstraints>
<use>1</use>
<logicalDatatype>LOGDT024</logicalDatatype>
<dataTypeSize>100</dataTypeSize>
<ownDataTypeParameters>100,,</ownDataTypeParameters>
</Attribute>
<Attribute name="password" id="D65EDB62-CF6C-EA02-6B16-E73C7C6ED04A">
<createdBy>jailanihar</createdBy>
<createdTime>2025-08-23 00:17:05 UTC</createdTime>
<ownerDesignName>week06</ownerDesignName>
<engineerTo>
<item key="6A40B2D4-C996-E581-75BF-BC296CDEB2AF" value="true"/>
</engineerTo>
<useDomainConstraints>false</useDomainConstraints>
<use>1</use>
<logicalDatatype>LOGDT024</logicalDatatype>
<dataTypeSize>255</dataTypeSize>
<ownDataTypeParameters>255,,</ownDataTypeParameters>
</Attribute>
<Attribute name="role" id="76BCAC8E-6A1D-96C1-18F9-B96E8ED95597">
<createdBy>jailanihar</createdBy>
<createdTime>2025-08-23 00:17:14 UTC</createdTime>
<ownerDesignName>week06</ownerDesignName>
<engineerTo>
<item key="6A40B2D4-C996-E581-75BF-BC296CDEB2AF" value="true"/>
</engineerTo>
<useDomainConstraints>false</useDomainConstraints>
<use>1</use>
<logicalDatatype>LOGDT024</logicalDatatype>
<dataTypeSize>255</dataTypeSize>
<ownDataTypeParameters>255,,</ownDataTypeParameters>
</Attribute>
</attributes>
<identifiers itemClass="oracle.dbtools.crest.model.design.logical.CandidateKey">
<identifier id="2D7FBDC1-2EB6-189B-327D-F4E937E3400A" name="User PK">
<createdBy>jailanihar</createdBy>
<createdTime>2025-08-23 00:17:03 UTC</createdTime>
<ownerDesignName>week06</ownerDesignName>
<engineerTo>
<item key="6A40B2D4-C996-E581-75BF-BC296CDEB2AF" value="true"/>
</engineerTo>
<pk>true</pk>
<usedAttributes>
<attributeRef>AE2F2E78-29D7-965A-A26F-D3C764A82CBC</attributeRef>
</usedAttributes>
</identifier>
</identifiers>
</Entity>