<?xml version = '1.0' encoding = 'UTF-8'?>
<Diagram class="oracle.dbtools.crest.swingui.relational.DPVRelational" name="Relational_1" id="DFEE42D4-AAD1-8D9C-1879-E1FFE2AA0186">
<createdBy>jailanihar</createdBy>
<modifiedBy>jailanihar</modifiedBy>
<createdTime>2025-08-02 00:10:37 UTC</createdTime>
<autoRoute>false</autoRoute>
<boxInbox>true</boxInbox>
<showLegend>false</showLegend>
<showLabels>false</showLabels>
<showRelAttributes>false</showRelAttributes>
<gridEnabled>false</gridEnabled>
<showGrid>false</showGrid>
<diagramColor>-1</diagramColor>
<display>false</display>
<notation>1</notation>
<objectViews>
<OView class="oracle.dbtools.crest.swingui.relational.TVTable" oid="45AE2364-87AA-42FE-7698-7C955089BF9D" otype="Table" vid="393EA7A0-854A-1395-AB74-1455A11C7F40">
<hideElementsInCurrentOnly>false</hideElementsInCurrentOnly>
<bounds x="491" y="271" width="170" height="110"/>
</OView>
<OView class="oracle.dbtools.crest.swingui.relational.TVTable" oid="460D8964-45CC-CD7E-E422-38653282E74E" otype="Table" vid="F03007C3-808D-270A-FC8A-8B500A81D5D6">
<hideElementsInCurrentOnly>false</hideElementsInCurrentOnly>
<bounds x="19" y="276" width="239" height="155"/>
</OView>
<OView class="oracle.dbtools.crest.swingui.relational.TVTable" oid="582F8ED9-99F5-AE65-ECDB-0CB398B62EC5" otype="Table" vid="4D1C380C-8E3D-5E0A-A3E2-581CF50BCBB5">
<hideElementsInCurrentOnly>false</hideElementsInCurrentOnly>
<bounds x="16" y="10" width="231" height="213"/>
</OView>
<OView class="oracle.dbtools.crest.swingui.relational.TVTable" oid="974CE5FF-3C63-501D-94A6-818885B0014D" otype="Table" vid="3078D362-9937-AF66-26DC-7003D298DC00">
<hideElementsInCurrentOnly>false</hideElementsInCurrentOnly>
<bounds x="463" y="13" width="170" height="110"/>
</OView>
<OView class="oracle.dbtools.crest.swingui.relational.TVTable" oid="A33F1AE3-4173-ECBB-68C5-7FE01E7555CA" otype="Table" vid="202269D8-B003-D0B9-EEFD-4932FCC08AF5">
<hideElementsInCurrentOnly>false</hideElementsInCurrentOnly>
<bounds x="260" y="161" width="214" height="165"/>
</OView>
</objectViews>
<connectors>
<Connector class="oracle.dbtools.crest.swingui.relational.TVFKRelation" oid="19DAD025-EAC1-FF0A-03E7-661C845B9F4C" otype="FKIndexAssociation" vid_source="F03007C3-808D-270A-FC8A-8B500A81D5D6" vid_target="4D1C380C-8E3D-5E0A-A3E2-581CF50BCBB5">
<hideElementsInCurrentOnly>false</hideElementsInCurrentOnly>
<backgroundColor>-16777216</backgroundColor>
<lineWidth>1</lineWidth>
<points>
<point x="133" y="276"/>
<point x="133" y="223"/>
</points>
</Connector>
<Connector class="oracle.dbtools.crest.swingui.relational.TVFKRelation" oid="53DF7675-D7B9-48DD-3B3B-6E83DCC107B9" otype="FKIndexAssociation" vid_source="393EA7A0-854A-1395-AB74-1455A11C7F40" vid_target="202269D8-B003-D0B9-EEFD-4932FCC08AF5">
<hideElementsInCurrentOnly>false</hideElementsInCurrentOnly>
<backgroundColor>-16777216</backgroundColor>
<lineWidth>1</lineWidth>
<points>
<point x="491" y="298"/>
<point x="474" y="298"/>
</points>
</Connector>
<Connector class="oracle.dbtools.crest.swingui.relational.TVFKRelation" oid="5E6E16C5-DD16-16BC-0C2B-4365D7AAF8A1" otype="FKIndexAssociation" vid_source="3078D362-9937-AF66-26DC-7003D298DC00" vid_target="202269D8-B003-D0B9-EEFD-4932FCC08AF5">
<hideElementsInCurrentOnly>false</hideElementsInCurrentOnly>
<backgroundColor>-16777216</backgroundColor>
<lineWidth>1</lineWidth>
<points>
<point x="468" y="123"/>
<point x="468" y="161"/>
</points>
</Connector>
<Connector class="oracle.dbtools.crest.swingui.relational.TVFKRelation" oid="6A183007-A99B-40F9-A902-841E1386B78F" otype="FKIndexAssociation" vid_source="4D1C380C-8E3D-5E0A-A3E2-581CF50BCBB5" vid_target="F03007C3-808D-270A-FC8A-8B500A81D5D6">
<hideElementsInCurrentOnly>false</hideElementsInCurrentOnly>
<backgroundColor>-16777216</backgroundColor>
<lineWidth>1</lineWidth>
<points>
<point x="148" y="223"/>
<point x="148" y="276"/>
</points>
</Connector>
<Connector class="oracle.dbtools.crest.swingui.relational.TVFKRelation" oid="6AC8386D-671C-B7F8-D136-A557B139AC26" otype="FKIndexAssociation" vid_source="3078D362-9937-AF66-26DC-7003D298DC00" vid_target="4D1C380C-8E3D-5E0A-A3E2-581CF50BCBB5">
<hideElementsInCurrentOnly>false</hideElementsInCurrentOnly>
<backgroundColor>-16777216</backgroundColor>
<lineWidth>1</lineWidth>
<points>
<point x="463" y="68"/>
<point x="247" y="68"/>
</points>
</Connector>
</connectors>
</Diagram>
