<?xml version = '1.0' encoding = 'UTF-8'?>
<Diagram class="oracle.dbtools.crest.swingui.relational.DPVRelational" name="Relational_1" id="DFEE42D4-AAD1-8D9C-1879-E1FFE2AA0186">
<createdBy>jailanihar</createdBy>
<modifiedBy>jailanihar</modifiedBy>
<createdTime>2025-08-02 00:10:37 UTC</createdTime>
<autoRoute>false</autoRoute>
<boxInbox>true</boxInbox>
<showLegend>false</showLegend>
<showLabels>false</showLabels>
<showRelAttributes>false</showRelAttributes>
<gridEnabled>false</gridEnabled>
<showGrid>false</showGrid>
<diagramColor>-1</diagramColor>
<display>false</display>
<notation>1</notation>
<objectViews>
<OView class="oracle.dbtools.crest.swingui.relational.TVTable" oid="076EF655-B40E-A34E-C424-B32BE0D4431B" otype="Table" vid="40937BAA-BAE8-082A-73F6-925C8DF70A7B">
<hideElementsInCurrentOnly>false</hideElementsInCurrentOnly>
<bounds x="618" y="144" width="197" height="145"/>
</OView>
<OView class="oracle.dbtools.crest.swingui.relational.TVTable" oid="2A6CCC2A-D70A-B88A-5802-4CB89AA46B14" otype="Table" vid="0DC4A510-47A0-AC3F-8900-F3613B2E0492">
<hideElementsInCurrentOnly>false</hideElementsInCurrentOnly>
<bounds x="304" y="371" width="170" height="110"/>
</OView>
<OView class="oracle.dbtools.crest.swingui.relational.TVTable" oid="6625180D-DF6A-7670-E4BC-1D073E32E4F2" otype="Table" vid="CC096A5B-7164-E931-2E4C-A06FC2DE185A">
<hideElementsInCurrentOnly>false</hideElementsInCurrentOnly>
<bounds x="49" y="232" width="170" height="110"/>
</OView>
<OView class="oracle.dbtools.crest.swingui.relational.TVTable" oid="AFBA2722-6300-4E3E-6DEF-F84DABBE8C1D" otype="Table" vid="7D95E53D-5CCA-2F1C-4FE3-26F2F91C9F7A">
<hideElementsInCurrentOnly>false</hideElementsInCurrentOnly>
<bounds x="284" y="179" width="253" height="148"/>
</OView>
<OView class="oracle.dbtools.crest.swingui.relational.TVTable" oid="B9EA88FE-2702-938B-F9FA-F9F740123FB4" otype="Table" vid="6646333B-2F83-6926-A925-B37CA7771FAE">
<hideElementsInCurrentOnly>false</hideElementsInCurrentOnly>
<bounds x="29" y="49" width="170" height="110"/>
</OView>
<OView class="oracle.dbtools.crest.swingui.relational.TVTable" oid="FAAE67FF-A8F8-335E-E479-65C7B2FB0188" otype="Table" vid="AC395551-A5BA-1137-7F4B-A0A5169B9F80">
<hideElementsInCurrentOnly>false</hideElementsInCurrentOnly>
<bounds x="268" y="24" width="170" height="110"/>
</OView>
</objectViews>
<connectors>
<Connector class="oracle.dbtools.crest.swingui.relational.TVFKRelation" oid="17AD7868-387E-2610-4634-B02C057720DA" otype="FKIndexAssociation" vid_source="40937BAA-BAE8-082A-73F6-925C8DF70A7B" vid_target="7D95E53D-5CCA-2F1C-4FE3-26F2F91C9F7A">
<hideElementsInCurrentOnly>false</hideElementsInCurrentOnly>
<backgroundColor>-16777216</backgroundColor>
<lineWidth>1</lineWidth>
<points>
<point x="618" y="234"/>
<point x="537" y="234"/>
</points>
</Connector>
<Connector class="oracle.dbtools.crest.swingui.relational.TVFKRelation" oid="1881BAF6-81F0-D2E8-05E4-A021693A1466" otype="FKIndexAssociation" vid_source="0DC4A510-47A0-AC3F-8900-F3613B2E0492" vid_target="7D95E53D-5CCA-2F1C-4FE3-26F2F91C9F7A">
<hideElementsInCurrentOnly>false</hideElementsInCurrentOnly>
<backgroundColor>-16777216</backgroundColor>
<lineWidth>1</lineWidth>
<points>
<point x="389" y="371"/>
<point x="389" y="327"/>
</points>
</Connector>
<Connector class="oracle.dbtools.crest.swingui.relational.TVFKRelation" oid="354E2D3C-73FA-D4BA-D169-7A7BEDB10E9F" otype="FKIndexAssociation" vid_source="6646333B-2F83-6926-A925-B37CA7771FAE" vid_target="CC096A5B-7164-E931-2E4C-A06FC2DE185A">
<hideElementsInCurrentOnly>false</hideElementsInCurrentOnly>
<backgroundColor>-16777216</backgroundColor>
<lineWidth>1</lineWidth>
<points>
<point x="124" y="159"/>
<point x="124" y="232"/>
</points>
</Connector>
<Connector class="oracle.dbtools.crest.swingui.relational.TVFKRelation" oid="3D33C9B3-ED5E-1539-8A18-2B1196362C86" otype="FKIndexAssociation" vid_source="CC096A5B-7164-E931-2E4C-A06FC2DE185A" vid_target="6646333B-2F83-6926-A925-B37CA7771FAE">
<hideElementsInCurrentOnly>false</hideElementsInCurrentOnly>
<backgroundColor>-16777216</backgroundColor>
<lineWidth>1</lineWidth>
<points>
<point x="124" y="232"/>
<point x="124" y="159"/>
</points>
</Connector>
<Connector class="oracle.dbtools.crest.swingui.relational.TVFKRelation" oid="94CCB973-4167-77D3-42AA-39036FC1D509" otype="FKIndexAssociation" vid_source="40937BAA-BAE8-082A-73F6-925C8DF70A7B" vid_target="40937BAA-BAE8-082A-73F6-925C8DF70A7B">
<hideElementsInCurrentOnly>false</hideElementsInCurrentOnly>
<backgroundColor>-16777216</backgroundColor>
<lineWidth>1</lineWidth>
<points>
<point x="815" y="243"/>
<point x="840" y="243"/>
<point x="840" y="314"/>
<point x="745" y="314"/>
<point x="745" y="289"/>
</points>
</Connector>
<Connector class="oracle.dbtools.crest.swingui.relational.TVFKRelation" oid="D17D87EF-1275-4AD0-3A49-17999D8E2511" otype="FKIndexAssociation" vid_source="AC395551-A5BA-1137-7F4B-A0A5169B9F80" vid_target="7D95E53D-5CCA-2F1C-4FE3-26F2F91C9F7A">
<hideElementsInCurrentOnly>false</hideElementsInCurrentOnly>
<backgroundColor>-16777216</backgroundColor>
<lineWidth>1</lineWidth>
<points>
<point x="361" y="134"/>
<point x="361" y="179"/>
</points>
</Connector>
<Connector class="oracle.dbtools.crest.swingui.relational.TVFKRelation" oid="FA301B64-A017-8363-FF87-EC7E9548CD9F" otype="FKIndexAssociation" vid_source="AC395551-A5BA-1137-7F4B-A0A5169B9F80" vid_target="6646333B-2F83-6926-A925-B37CA7771FAE">
<hideElementsInCurrentOnly>false</hideElementsInCurrentOnly>
<backgroundColor>-16777216</backgroundColor>
<lineWidth>1</lineWidth>
<points>
<point x="268" y="91"/>
<point x="199" y="91"/>
</points>
</Connector>
</connectors>
</Diagram>
